Attaching 22 probes...
KTRACE_START nsec=1021481146280156
1021481260775560 MGMT_ADMIN_CMD          comm=furiosa-smi pid=3128405 tid=3128405
1021481264593899 MGMT_ADMIN_CMD          comm=furiosa-smi pid=3128405 tid=3128405
1021481268321513 MGMT_ADMIN_CMD          comm=furiosa-smi pid=3128405 tid=3128405
1021481272509637 MGMT_ADMIN_CMD          comm=furiosa-smi pid=3128405 tid=3128405
1021481276626806 MGMT_ADMIN_CMD          comm=furiosa-smi pid=3128405 tid=3128405
1021482115377990 MGMT_ADMIN_CMD          comm=tokio-runtime-w pid=3128946 tid=3129203
1021482116201463 MGMT_ADMIN_CMD          comm=tokio-runtime-w pid=3128946 tid=3129206
1021482126798211 MGMT_ADMIN_CMD          comm=tokio-runtime-w pid=3128946 tid=3129206
1021482126995869 MGMT_ADMIN_CMD          comm=tokio-runtime-w pid=3128946 tid=3129205
1021482138191554 MGMT_ADMIN_CMD          comm=tokio-runtime-w pid=3128946 tid=3129205
1021482138769065 MGMT_ADMIN_CMD          comm=tokio-runtime-w pid=3128946 tid=3129207
1021482149497597 MGMT_ADMIN_CMD          comm=tokio-runtime-w pid=3128946 tid=3129207
1021482149945291 MGMT_ADMIN_CMD          comm=tokio-runtime-w pid=3128946 tid=3129203
1021482293081485 MGMT_ADMIN_CMD          comm=tokio-runtime-w pid=3128946 tid=3129205
1021482300305180 MGMT_ADMIN_CMD          comm=tokio-runtime-w pid=3128946 tid=3129205
1021482305608380 MGMT_ADMIN_CMD          comm=tokio-runtime-w pid=3128946 tid=3129205
1021482311444812 MGMT_ADMIN_CMD          comm=tokio-runtime-w pid=3128946 tid=3129205
1021482519031588 MGMT_ADMIN_CMD          comm=tokio-runtime-w pid=3129213 tid=3129478
1021482519987843 MGMT_ADMIN_CMD          comm=tokio-runtime-w pid=3129213 tid=3129479
1021482530871580 MGMT_ADMIN_CMD          comm=tokio-runtime-w pid=3129213 tid=3129479
1021482531103322 MGMT_ADMIN_CMD          comm=tokio-runtime-w pid=3129213 tid=3129480
1021482542641110 MGMT_ADMIN_CMD          comm=tokio-runtime-w pid=3129213 tid=3129480
1021482542951039 MGMT_ADMIN_CMD          comm=tokio-runtime-w pid=3129213 tid=3129481
1021482553985341 MGMT_ADMIN_CMD          comm=tokio-runtime-w pid=3129213 tid=3129481
1021482554367144 MGMT_ADMIN_CMD          comm=tokio-runtime-w pid=3129213 tid=3129483
1021482569842593 MGMT_ADMIN_CMD          comm=furiosa-smi pid=3129213 tid=3129213
1021482573564692 MGMT_ADMIN_CMD          comm=furiosa-smi pid=3129213 tid=3129213
1021482577253448 MGMT_ADMIN_CMD          comm=furiosa-smi pid=3129213 tid=3129213
1021482580970069 MGMT_ADMIN_CMD          comm=furiosa-smi pid=3129213 tid=3129213
1021482584666302 MGMT_ADMIN_CMD          comm=furiosa-smi pid=3129213 tid=3129213
1021482588363669 MGMT_ADMIN_CMD          comm=furiosa-smi pid=3129213 tid=3129213
1021482592049504 MGMT_ADMIN_CMD          comm=furiosa-smi pid=3129213 tid=3129213
1021482595755482 MGMT_ADMIN_CMD          comm=furiosa-smi pid=3129213 tid=3129213
1021482605080712 MGMT_ADMIN_CMD          comm=furiosa-smi pid=3129213 tid=3129213
1021482608744644 MGMT_ADMIN_CMD          comm=furiosa-smi pid=3129213 tid=3129213
1021482612485333 MGMT_ADMIN_CMD          comm=furiosa-smi pid=3129213 tid=3129213
1021482616206881 MGMT_ADMIN_CMD          comm=furiosa-smi pid=3129213 tid=3129213
1021482619876852 MGMT_ADMIN_CMD          comm=furiosa-smi pid=3129213 tid=3129213
1021482623612414 MGMT_ADMIN_CMD          comm=furiosa-smi pid=3129213 tid=3129213
1021482627323283 MGMT_ADMIN_CMD          comm=furiosa-smi pid=3129213 tid=3129213
1021482631052372 MGMT_ADMIN_CMD          comm=furiosa-smi pid=3129213 tid=3129213
1021482640933464 MGMT_ADMIN_CMD          comm=furiosa-smi pid=3129213 tid=3129213
1021482644668812 MGMT_ADMIN_CMD          comm=furiosa-smi pid=3129213 tid=3129213
1021482648416506 MGMT_ADMIN_CMD          comm=furiosa-smi pid=3129213 tid=3129213
1021482652246136 MGMT_ADMIN_CMD          comm=furiosa-smi pid=3129213 tid=3129213
1021482656022256 MGMT_ADMIN_CMD          comm=furiosa-smi pid=3129213 tid=3129213
1021482659780186 MGMT_ADMIN_CMD          comm=furiosa-smi pid=3129213 tid=3129213
1021482663615152 MGMT_ADMIN_CMD          comm=furiosa-smi pid=3129213 tid=3129213
1021482667293333 MGMT_ADMIN_CMD          comm=furiosa-smi pid=3129213 tid=3129213
1021482676506894 MGMT_ADMIN_CMD          comm=furiosa-smi pid=3129213 tid=3129213
1021482680225583 MGMT_ADMIN_CMD          comm=furiosa-smi pid=3129213 tid=3129213
1021482683912635 MGMT_ADMIN_CMD          comm=furiosa-smi pid=3129213 tid=3129213
1021482687639329 MGMT_ADMIN_CMD          comm=furiosa-smi pid=3129213 tid=3129213
1021482691372239 MGMT_ADMIN_CMD          comm=furiosa-smi pid=3129213 tid=3129213
1021482695089350 MGMT_ADMIN_CMD          comm=furiosa-smi pid=3129213 tid=3129213
1021482698873849 MGMT_ADMIN_CMD          comm=furiosa-smi pid=3129213 tid=3129213
1021482702603311 MGMT_ADMIN_CMD          comm=furiosa-smi pid=3129213 tid=3129213
1021483542254499 MGMT_ADMIN_CMD          comm=tokio-runtime-w pid=3129761 tid=3130024
1021483542888506 MGMT_ADMIN_CMD          comm=tokio-runtime-w pid=3129761 tid=3130026
1021483553979656 MGMT_ADMIN_CMD          comm=tokio-runtime-w pid=3129761 tid=3130027
1021483554235831 MGMT_ADMIN_CMD          comm=tokio-runtime-w pid=3129761 tid=3130028
1021483564657155 MGMT_ADMIN_CMD          comm=tokio-runtime-w pid=3129761 tid=3130026
1021483565320217 MGMT_ADMIN_CMD          comm=tokio-runtime-w pid=3129761 tid=3130024
1021483575867035 MGMT_ADMIN_CMD          comm=tokio-runtime-w pid=3129761 tid=3130024
1021483576084425 MGMT_ADMIN_CMD          comm=tokio-runtime-w pid=3129761 tid=3130028
1021483720118276 MGMT_ADMIN_CMD          comm=tokio-runtime-w pid=3129761 tid=3130026
1021483727087217 MGMT_ADMIN_CMD          comm=tokio-runtime-w pid=3129761 tid=3130026
1021483733627863 MGMT_ADMIN_CMD          comm=tokio-runtime-w pid=3129761 tid=3130026
1021483739628347 MGMT_ADMIN_CMD          comm=tokio-runtime-w pid=3129761 tid=3130026
1021483978030379 MGMT_ADMIN_CMD          comm=tokio-runtime-w pid=3130032 tid=3130352
1021483978716994 MGMT_ADMIN_CMD          comm=tokio-runtime-w pid=3130032 tid=3130353
1021483985849761 MGMT_ADMIN_CMD          comm=tokio-runtime-w pid=3130032 tid=3130353
1021483985862521 MGMT_ADMIN_CMD          comm=tokio-runtime-w pid=3130032 tid=3130354
1021483993596241 MGMT_ADMIN_CMD          comm=tokio-runtime-w pid=3130032 tid=3130355
1021483993602976 MGMT_ADMIN_CMD          comm=tokio-runtime-w pid=3130032 tid=3130354
1021484001884128 MGMT_ADMIN_CMD          comm=tokio-runtime-w pid=3130032 tid=3130354
1021484001894423 MGMT_ADMIN_CMD          comm=tokio-runtime-w pid=3130032 tid=3130356
1021484014152057 MGMT_ADMIN_CMD          comm=furiosa-smi pid=3130032 tid=3130032
1021484017864130 MGMT_ADMIN_CMD          comm=furiosa-smi pid=3130032 tid=3130032
1021484021590312 MGMT_ADMIN_CMD          comm=furiosa-smi pid=3130032 tid=3130032
1021484025260092 MGMT_ADMIN_CMD          comm=furiosa-smi pid=3130032 tid=3130032
1021484029015597 MGMT_ADMIN_CMD          comm=furiosa-smi pid=3130032 tid=3130032
1021484032670047 MGMT_ADMIN_CMD          comm=furiosa-smi pid=3130032 tid=3130032
1021484036356269 MGMT_ADMIN_CMD          comm=furiosa-smi pid=3130032 tid=3130032
1021484040046335 MGMT_ADMIN_CMD          comm=furiosa-smi pid=3130032 tid=3130032
1021484047822668 MGMT_ADMIN_CMD          comm=furiosa-smi pid=3130032 tid=3130032
1021484051535426 MGMT_ADMIN_CMD          comm=furiosa-smi pid=3130032 tid=3130032
1021484055221334 MGMT_ADMIN_CMD          comm=furiosa-smi pid=3130032 tid=3130032
1021484058948643 MGMT_ADMIN_CMD          comm=furiosa-smi pid=3130032 tid=3130032
1021484062614325 MGMT_ADMIN_CMD          comm=furiosa-smi pid=3130032 tid=3130032
1021484066383631 MGMT_ADMIN_CMD          comm=furiosa-smi pid=3130032 tid=3130032
1021484070110191 MGMT_ADMIN_CMD          comm=furiosa-smi pid=3130032 tid=3130032
1021484073877914 MGMT_ADMIN_CMD          comm=furiosa-smi pid=3130032 tid=3130032
1021484082243301 MGMT_ADMIN_CMD          comm=furiosa-smi pid=3130032 tid=3130032
1021484085934647 MGMT_ADMIN_CMD          comm=furiosa-smi pid=3130032 tid=3130032
1021484089619620 MGMT_ADMIN_CMD          comm=furiosa-smi pid=3130032 tid=3130032
1021484093350024 MGMT_ADMIN_CMD          comm=furiosa-smi pid=3130032 tid=3130032
1021484097119338 MGMT_ADMIN_CMD          comm=furiosa-smi pid=3130032 tid=3130032
1021484100907783 MGMT_ADMIN_CMD          comm=furiosa-smi pid=3130032 tid=3130032
1021484104595659 MGMT_ADMIN_CMD          comm=furiosa-smi pid=3130032 tid=3130032
1021484108366511 MGMT_ADMIN_CMD          comm=furiosa-smi pid=3130032 tid=3130032
1021484117787231 MGMT_ADMIN_CMD          comm=furiosa-smi pid=3130032 tid=3130032
1021484121479657 MGMT_ADMIN_CMD          comm=furiosa-smi pid=3130032 tid=3130032
1021484125214207 MGMT_ADMIN_CMD          comm=furiosa-smi pid=3130032 tid=3130032
1021484128969854 MGMT_ADMIN_CMD          comm=furiosa-smi pid=3130032 tid=3130032
1021484132695372 MGMT_ADMIN_CMD          comm=furiosa-smi pid=3130032 tid=3130032
1021484136424801 MGMT_ADMIN_CMD          comm=furiosa-smi pid=3130032 tid=3130032
1021484140156572 MGMT_ADMIN_CMD          comm=furiosa-smi pid=3130032 tid=3130032
1021484143905911 MGMT_ADMIN_CMD          comm=furiosa-smi pid=3130032 tid=3130032
1021484983414951 MGMT_ADMIN_CMD          comm=tokio-runtime-w pid=3130617 tid=3130874
1021484984058848 MGMT_ADMIN_CMD          comm=tokio-runtime-w pid=3130617 tid=3130875
1021484994806651 MGMT_ADMIN_CMD          comm=tokio-runtime-w pid=3130617 tid=3130875
1021484995132013 MGMT_ADMIN_CMD          comm=tokio-runtime-w pid=3130617 tid=3130878
1021485006301919 MGMT_ADMIN_CMD          comm=tokio-runtime-w pid=3130617 tid=3130878
1021485006590112 MGMT_ADMIN_CMD          comm=tokio-runtime-w pid=3130617 tid=3130876
1021485017587829 MGMT_ADMIN_CMD          comm=tokio-runtime-w pid=3130617 tid=3130876
1021485018110607 MGMT_ADMIN_CMD          comm=tokio-runtime-w pid=3130617 tid=3130874
1021485162152644 MGMT_ADMIN_CMD          comm=tokio-runtime-w pid=3130617 tid=3130878
1021485172758589 MGMT_ADMIN_CMD          comm=tokio-runtime-w pid=3130617 tid=3130878
1021485182342220 MGMT_ADMIN_CMD          comm=tokio-runtime-w pid=3130617 tid=3130878
1021485188833495 MGMT_ADMIN_CMD          comm=tokio-runtime-w pid=3130617 tid=3130878
1021485422882312 MGMT_ADMIN_CMD          comm=tokio-runtime-w pid=3130880 tid=3131137
1021485424604214 MGMT_ADMIN_CMD          comm=tokio-runtime-w pid=3130880 tid=3131138
1021485435167812 MGMT_ADMIN_CMD          comm=tokio-runtime-w pid=3130880 tid=3131138
1021485435468484 MGMT_ADMIN_CMD          comm=tokio-runtime-w pid=3130880 tid=3131137
1021485446711979 MGMT_ADMIN_CMD          comm=tokio-runtime-w pid=3130880 tid=3131137
1021485447029233 MGMT_ADMIN_CMD          comm=tokio-runtime-w pid=3130880 tid=3131142
1021485458163393 MGMT_ADMIN_CMD          comm=tokio-runtime-w pid=3130880 tid=3131142
1021485458753928 MGMT_ADMIN_CMD          comm=tokio-runtime-w pid=3130880 tid=3131138
1021485472760925 MGMT_ADMIN_CMD          comm=furiosa-smi pid=3130880 tid=3130880
1021485476341820 MGMT_ADMIN_CMD          comm=furiosa-smi pid=3130880 tid=3130880
1021485479962010 MGMT_ADMIN_CMD          comm=furiosa-smi pid=3130880 tid=3130880
1021485483539232 MGMT_ADMIN_CMD          comm=furiosa-smi pid=3130880 tid=3130880
1021485487163000 MGMT_ADMIN_CMD          comm=furiosa-smi pid=3130880 tid=3130880
1021485490748329 MGMT_ADMIN_CMD          comm=furiosa-smi pid=3130880 tid=3130880
1021485494330268 MGMT_ADMIN_CMD          comm=furiosa-smi pid=3130880 tid=3130880
1021485497913808 MGMT_ADMIN_CMD          comm=furiosa-smi pid=3130880 tid=3130880
1021485504830224 MGMT_ADMIN_CMD          comm=furiosa-smi pid=3130880 tid=3130880
1021485508397109 MGMT_ADMIN_CMD          comm=furiosa-smi pid=3130880 tid=3130880
1021485511958239 MGMT_ADMIN_CMD          comm=furiosa-smi pid=3130880 tid=3130880
1021485515543706 MGMT_ADMIN_CMD          comm=furiosa-smi pid=3130880 tid=3130880
1021485519106763 MGMT_ADMIN_CMD          comm=furiosa-smi pid=3130880 tid=3130880
1021485522653102 MGMT_ADMIN_CMD          comm=furiosa-smi pid=3130880 tid=3130880
1021485526307509 MGMT_ADMIN_CMD          comm=furiosa-smi pid=3130880 tid=3130880
1021485529888529 MGMT_ADMIN_CMD          comm=furiosa-smi pid=3130880 tid=3130880
1021485536982993 MGMT_ADMIN_CMD          comm=furiosa-smi pid=3130880 tid=3130880
1021485540555166 MGMT_ADMIN_CMD          comm=furiosa-smi pid=3130880 tid=3130880
1021485544176444 MGMT_ADMIN_CMD          comm=furiosa-smi pid=3130880 tid=3130880
1021485547736811 MGMT_ADMIN_CMD          comm=furiosa-smi pid=3130880 tid=3130880
1021485551343071 MGMT_ADMIN_CMD          comm=furiosa-smi pid=3130880 tid=3130880
1021485554903858 MGMT_ADMIN_CMD          comm=furiosa-smi pid=3130880 tid=3130880
1021485558475793 MGMT_ADMIN_CMD          comm=furiosa-smi pid=3130880 tid=3130880
1021485562053017 MGMT_ADMIN_CMD          comm=furiosa-smi pid=3130880 tid=3130880
1021485569286515 MGMT_ADMIN_CMD          comm=furiosa-smi pid=3130880 tid=3130880
1021485572884523 MGMT_ADMIN_CMD          comm=furiosa-smi pid=3130880 tid=3130880
1021485576444928 MGMT_ADMIN_CMD          comm=furiosa-smi pid=3130880 tid=3130880
1021485580022677 MGMT_ADMIN_CMD          comm=furiosa-smi pid=3130880 tid=3130880
1021485583633874 MGMT_ADMIN_CMD          comm=furiosa-smi pid=3130880 tid=3130880
1021485587192719 MGMT_ADMIN_CMD          comm=furiosa-smi pid=3130880 tid=3130880
1021485590780342 MGMT_ADMIN_CMD          comm=furiosa-smi pid=3130880 tid=3130880
1021485594372934 MGMT_ADMIN_CMD          comm=furiosa-smi pid=3130880 tid=3130880
---- KTRACE heartbeat nsec=1021486170346495 ----
1021486450451370 MGMT_ADMIN_CMD          comm=tokio-runtime-w pid=3131401 tid=3131658
1021486451190729 MGMT_ADMIN_CMD          comm=tokio-runtime-w pid=3131401 tid=3131660
1021486463198584 MGMT_ADMIN_CMD          comm=tokio-runtime-w pid=3131401 tid=3131660
1021486463553844 MGMT_ADMIN_CMD          comm=tokio-runtime-w pid=3131401 tid=3131662
1021486474592346 MGMT_ADMIN_CMD          comm=tokio-runtime-w pid=3131401 tid=3131662
1021486474937339 MGMT_ADMIN_CMD          comm=tokio-runtime-w pid=3131401 tid=3131663
1021486485890396 MGMT_ADMIN_CMD          comm=tokio-runtime-w pid=3131401 tid=3131663
1021486486849341 MGMT_ADMIN_CMD          comm=tokio-runtime-w pid=3131401 tid=3131659
1021486618501421 MGMT_ADMIN_CMD          comm=tokio-runtime-w pid=3131401 tid=3131660
1021486623553435 MGMT_ADMIN_CMD          comm=tokio-runtime-w pid=3131401 tid=3131660
1021486628489766 MGMT_ADMIN_CMD          comm=tokio-runtime-w pid=3131401 tid=3131660
1021486636642217 MGMT_ADMIN_CMD          comm=tokio-runtime-w pid=3131401 tid=3131660
1021486864968978 MGMT_ADMIN_CMD          comm=tokio-runtime-w pid=3131664 tid=3131935
1021486865632524 MGMT_ADMIN_CMD          comm=tokio-runtime-w pid=3131664 tid=3131938
1021486877451689 MGMT_ADMIN_CMD          comm=tokio-runtime-w pid=3131664 tid=3131938
1021486877911415 MGMT_ADMIN_CMD          comm=tokio-runtime-w pid=3131664 tid=3131942
1021486888846581 MGMT_ADMIN_CMD          comm=tokio-runtime-w pid=3131664 tid=3131942
1021486889130941 MGMT_ADMIN_CMD          comm=tokio-runtime-w pid=3131664 tid=3131937
1021486900309685 MGMT_ADMIN_CMD          comm=tokio-runtime-w pid=3131664 tid=3131937
1021486900712861 MGMT_ADMIN_CMD          comm=tokio-runtime-w pid=3131664 tid=3131935
1021486914464371 MGMT_ADMIN_CMD          comm=furiosa-smi pid=3131664 tid=3131664
1021486918067898 MGMT_ADMIN_CMD          comm=furiosa-smi pid=3131664 tid=3131664
1021486921623739 MGMT_ADMIN_CMD          comm=furiosa-smi pid=3131664 tid=3131664
1021486925295202 MGMT_ADMIN_CMD          comm=furiosa-smi pid=3131664 tid=3131664
1021486928882271 MGMT_ADMIN_CMD          comm=furiosa-smi pid=3131664 tid=3131664
1021486932442905 MGMT_ADMIN_CMD          comm=furiosa-smi pid=3131664 tid=3131664
1021486936064916 MGMT_ADMIN_CMD          comm=furiosa-smi pid=3131664 tid=3131664
1021486939627177 MGMT_ADMIN_CMD          comm=furiosa-smi pid=3131664 tid=3131664
1021486946461179 MGMT_ADMIN_CMD          comm=furiosa-smi pid=3131664 tid=3131664
1021486950030223 MGMT_ADMIN_CMD          comm=furiosa-smi pid=3131664 tid=3131664
1021486953631975 MGMT_ADMIN_CMD          comm=furiosa-smi pid=3131664 tid=3131664
1021486957255599 MGMT_ADMIN_CMD          comm=furiosa-smi pid=3131664 tid=3131664
1021486960823198 MGMT_ADMIN_CMD          comm=furiosa-smi pid=3131664 tid=3131664
1021486964406514 MGMT_ADMIN_CMD          comm=furiosa-smi pid=3131664 tid=3131664
1021486967966671 MGMT_ADMIN_CMD          comm=furiosa-smi pid=3131664 tid=3131664
1021486971551786 MGMT_ADMIN_CMD          comm=furiosa-smi pid=3131664 tid=3131664
1021486978608941 MGMT_ADMIN_CMD          comm=furiosa-smi pid=3131664 tid=3131664
1021486982175686 MGMT_ADMIN_CMD          comm=furiosa-smi pid=3131664 tid=3131664
1021486985734680 MGMT_ADMIN_CMD          comm=furiosa-smi pid=3131664 tid=3131664
1021486989358607 MGMT_ADMIN_CMD          comm=furiosa-smi pid=3131664 tid=3131664
1021486992921135 MGMT_ADMIN_CMD          comm=furiosa-smi pid=3131664 tid=3131664
1021486996482875 MGMT_ADMIN_CMD          comm=furiosa-smi pid=3131664 tid=3131664
1021487000047905 MGMT_ADMIN_CMD          comm=furiosa-smi pid=3131664 tid=3131664
1021487003611365 MGMT_ADMIN_CMD          comm=furiosa-smi pid=3131664 tid=3131664
1021487010544444 MGMT_ADMIN_CMD          comm=furiosa-smi pid=3131664 tid=3131664
1021487014156344 MGMT_ADMIN_CMD          comm=furiosa-smi pid=3131664 tid=3131664
1021487017732973 MGMT_ADMIN_CMD          comm=furiosa-smi pid=3131664 tid=3131664
1021487021361113 MGMT_ADMIN_CMD          comm=furiosa-smi pid=3131664 tid=3131664
1021487024924114 MGMT_ADMIN_CMD          comm=furiosa-smi pid=3131664 tid=3131664
1021487028483604 MGMT_ADMIN_CMD          comm=furiosa-smi pid=3131664 tid=3131664
1021487032024172 MGMT_ADMIN_CMD          comm=furiosa-smi pid=3131664 tid=3131664
1021487035588120 MGMT_ADMIN_CMD          comm=furiosa-smi pid=3131664 tid=3131664
1021487887148720 MGMT_ADMIN_CMD          comm=tokio-runtime-w pid=3132211 tid=3132476
1021487888702185 MGMT_ADMIN_CMD          comm=tokio-runtime-w pid=3132211 tid=3132483
1021487898410686 MGMT_ADMIN_CMD          comm=tokio-runtime-w pid=3132211 tid=3132483
1021487898482135 MGMT_ADMIN_CMD          comm=tokio-runtime-w pid=3132211 tid=3132481
1021487908695643 MGMT_ADMIN_CMD          comm=tokio-runtime-w pid=3132211 tid=3132481
1021487908975323 MGMT_ADMIN_CMD          comm=tokio-runtime-w pid=3132211 tid=3132476
1021487919652178 MGMT_ADMIN_CMD          comm=tokio-runtime-w pid=3132211 tid=3132476
1021487919686022 MGMT_ADMIN_CMD          comm=tokio-runtime-w pid=3132211 tid=3132482
1021488050923888 MGMT_ADMIN_CMD          comm=tokio-runtime-w pid=3132211 tid=3132478
1021488056528048 MGMT_ADMIN_CMD          comm=tokio-runtime-w pid=3132211 tid=3132478
1021488061584372 MGMT_ADMIN_CMD          comm=tokio-runtime-w pid=3132211 tid=3132478
1021488066624546 MGMT_ADMIN_CMD          comm=tokio-runtime-w pid=3132211 tid=3132478
1021488114578860 MGMT_ADMIN_CMD          comm=tokio-runtime-w pid=3132491 tid=3132771
1021488115239663 MGMT_ADMIN_CMD          comm=tokio-runtime-w pid=3132491 tid=3132796
1021488127192494 MGMT_ADMIN_CMD          comm=tokio-runtime-w pid=3132491 tid=3132796
1021488127654555 MGMT_ADMIN_CMD          comm=tokio-runtime-w pid=3132491 tid=3132771
1021488138465280 MGMT_ADMIN_CMD          comm=tokio-runtime-w pid=3132491 tid=3132771
1021488138726704 MGMT_ADMIN_CMD          comm=tokio-runtime-w pid=3132491 tid=3132794
1021488148941966 MGMT_ADMIN_CMD          comm=tokio-runtime-w pid=3132491 tid=3132794
1021488149396789 MGMT_ADMIN_CMD          comm=tokio-runtime-w pid=3132491 tid=3132771
1021488245457909 MGMT_ADMIN_CMD          comm=tokio-runtime-w pid=3132758 tid=3133084
1021488246280629 MGMT_ADMIN_CMD          comm=tokio-runtime-w pid=3132758 tid=3133086
1021488253480405 MGMT_ADMIN_CMD          comm=tokio-runtime-w pid=3132758 tid=3133086
1021488253513453 MGMT_ADMIN_CMD          comm=tokio-runtime-w pid=3132758 tid=3133085
1021488261086282 MGMT_ADMIN_CMD          comm=tokio-runtime-w pid=3132758 tid=3133085
1021488261108970 MGMT_ADMIN_CMD          comm=tokio-runtime-w pid=3132758 tid=3133084
1021488268756528 MGMT_ADMIN_CMD          comm=tokio-runtime-w pid=3132758 tid=3133084
1021488268772563 MGMT_ADMIN_CMD          comm=tokio-runtime-w pid=3132758 tid=3133088
1021488277785451 MGMT_ADMIN_CMD          comm=furiosa-smi pid=3132758 tid=3132758
1021488281268596 MGMT_ADMIN_CMD          comm=furiosa-smi pid=3132758 tid=3132758
1021488283360823 MGMT_ADMIN_CMD          comm=tokio-runtime-w pid=3132491 tid=3132797
1021488284726222 MGMT_ADMIN_CMD          comm=furiosa-smi pid=3132758 tid=3132758
1021488288198643 MGMT_ADMIN_CMD          comm=furiosa-smi pid=3132758 tid=3132758
1021488291714542 MGMT_ADMIN_CMD          comm=furiosa-smi pid=3132758 tid=3132758
1021488292445773 MGMT_ADMIN_CMD          comm=tokio-runtime-w pid=3132491 tid=3132797
1021488295180853 MGMT_ADMIN_CMD          comm=furiosa-smi pid=3132758 tid=3132758
1021488296118991 MGMT_ADMIN_CMD          comm=tokio-runtime-w pid=3132491 tid=3132797
1021488298647199 MGMT_ADMIN_CMD          comm=furiosa-smi pid=3132758 tid=3132758
1021488300067202 MGMT_ADMIN_CMD          comm=tokio-runtime-w pid=3132491 tid=3132797
1021488302319785 MGMT_ADMIN_CMD          comm=furiosa-smi pid=3132758 tid=3132758
1021488309851193 MGMT_ADMIN_CMD          comm=furiosa-smi pid=3132758 tid=3132758
1021488313458266 MGMT_ADMIN_CMD          comm=furiosa-smi pid=3132758 tid=3132758
1021488317099170 MGMT_ADMIN_CMD          comm=furiosa-smi pid=3132758 tid=3132758
1021488320591196 MGMT_ADMIN_CMD          comm=furiosa-smi pid=3132758 tid=3132758
1021488324409743 MGMT_ADMIN_CMD          comm=furiosa-smi pid=3132758 tid=3132758
1021488328234876 MGMT_ADMIN_CMD          comm=furiosa-smi pid=3132758 tid=3132758
1021488331960226 MGMT_ADMIN_CMD          comm=furiosa-smi pid=3132758 tid=3132758
1021488335576523 MGMT_ADMIN_CMD          comm=furiosa-smi pid=3132758 tid=3132758
1021488343249107 MGMT_ADMIN_CMD          comm=furiosa-smi pid=3132758 tid=3132758
1021488346947226 MGMT_ADMIN_CMD          comm=furiosa-smi pid=3132758 tid=3132758
1021488350671703 MGMT_ADMIN_CMD          comm=furiosa-smi pid=3132758 tid=3132758
1021488354562259 MGMT_ADMIN_CMD          comm=furiosa-smi pid=3132758 tid=3132758
1021488358454105 MGMT_ADMIN_CMD          comm=furiosa-smi pid=3132758 tid=3132758
1021488362244234 MGMT_ADMIN_CMD          comm=furiosa-smi pid=3132758 tid=3132758
1021488365950690 MGMT_ADMIN_CMD          comm=furiosa-smi pid=3132758 tid=3132758
1021488369720036 MGMT_ADMIN_CMD          comm=furiosa-smi pid=3132758 tid=3132758
1021488378692463 MGMT_ADMIN_CMD          comm=furiosa-smi pid=3132758 tid=3132758
1021488382315401 MGMT_ADMIN_CMD          comm=furiosa-smi pid=3132758 tid=3132758
1021488385955904 MGMT_ADMIN_CMD          comm=furiosa-smi pid=3132758 tid=3132758
1021488389541226 MGMT_ADMIN_CMD          comm=furiosa-smi pid=3132758 tid=3132758
1021488393209637 MGMT_ADMIN_CMD          comm=furiosa-smi pid=3132758 tid=3132758
1021488396814640 MGMT_ADMIN_CMD          comm=furiosa-smi pid=3132758 tid=3132758
1021488400441786 MGMT_ADMIN_CMD          comm=furiosa-smi pid=3132758 tid=3132758
1021488404089350 MGMT_ADMIN_CMD          comm=furiosa-smi pid=3132758 tid=3132758
1021489232235154 MGMT_ADMIN_CMD          comm=tokio-runtime-w pid=3133353 tid=3133610
1021489232997470 MGMT_ADMIN_CMD          comm=tokio-runtime-w pid=3133353 tid=3133612
1021489244081605 MGMT_ADMIN_CMD          comm=tokio-runtime-w pid=3133353 tid=3133612
1021489244221575 MGMT_ADMIN_CMD          comm=tokio-runtime-w pid=3133353 tid=3133614
1021489255548829 MGMT_ADMIN_CMD          comm=tokio-runtime-w pid=3133353 tid=3133614
1021489255978294 MGMT_ADMIN_CMD          comm=tokio-runtime-w pid=3133353 tid=3133613
1021489267035304 MGMT_ADMIN_CMD          comm=tokio-runtime-w pid=3133353 tid=3133613
1021489267244311 MGMT_ADMIN_CMD          comm=tokio-runtime-w pid=3133353 tid=3133610
1021489399971520 MGMT_ADMIN_CMD          comm=tokio-runtime-w pid=3133353 tid=3133614
1021489405016580 MGMT_ADMIN_CMD          comm=tokio-runtime-w pid=3133353 tid=3133614
1021489409746321 MGMT_ADMIN_CMD          comm=tokio-runtime-w pid=3133353 tid=3133614
1021489414597124 MGMT_ADMIN_CMD          comm=tokio-runtime-w pid=3133353 tid=3133614
1021489634385117 MGMT_ADMIN_CMD          comm=tokio-runtime-w pid=3133616 tid=3133873
1021489634924734 MGMT_ADMIN_CMD          comm=tokio-runtime-w pid=3133616 tid=3133874
1021489646709865 MGMT_ADMIN_CMD          comm=tokio-runtime-w pid=3133616 tid=3133874
1021489647133983 MGMT_ADMIN_CMD          comm=tokio-runtime-w pid=3133616 tid=3133876
1021489658320560 MGMT_ADMIN_CMD          comm=tokio-runtime-w pid=3133616 tid=3133876
1021489658585965 MGMT_ADMIN_CMD          comm=tokio-runtime-w pid=3133616 tid=3133873
1021489669496760 MGMT_ADMIN_CMD          comm=tokio-runtime-w pid=3133616 tid=3133873
1021489669749860 MGMT_ADMIN_CMD          comm=tokio-runtime-w pid=3133616 tid=3133875
1021489683741408 MGMT_ADMIN_CMD          comm=furiosa-smi pid=3133616 tid=3133616
1021489687306318 MGMT_ADMIN_CMD          comm=furiosa-smi pid=3133616 tid=3133616
1021489690909737 MGMT_ADMIN_CMD          comm=furiosa-smi pid=3133616 tid=3133616
1021489694494970 MGMT_ADMIN_CMD          comm=furiosa-smi pid=3133616 tid=3133616
1021489698054982 MGMT_ADMIN_CMD          comm=furiosa-smi pid=3133616 tid=3133616
1021489701617634 MGMT_ADMIN_CMD          comm=furiosa-smi pid=3133616 tid=3133616
1021489705203118 MGMT_ADMIN_CMD          comm=furiosa-smi pid=3133616 tid=3133616
1021489708766085 MGMT_ADMIN_CMD          comm=furiosa-smi pid=3133616 tid=3133616
1021489715751518 MGMT_ADMIN_CMD          comm=furiosa-smi pid=3133616 tid=3133616
1021489719358032 MGMT_ADMIN_CMD          comm=furiosa-smi pid=3133616 tid=3133616
1021489722965406 MGMT_ADMIN_CMD          comm=furiosa-smi pid=3133616 tid=3133616
1021489726540642 MGMT_ADMIN_CMD          comm=furiosa-smi pid=3133616 tid=3133616
1021489730186130 MGMT_ADMIN_CMD          comm=furiosa-smi pid=3133616 tid=3133616
1021489733754575 MGMT_ADMIN_CMD          comm=furiosa-smi pid=3133616 tid=3133616
1021489737334877 MGMT_ADMIN_CMD          comm=furiosa-smi pid=3133616 tid=3133616
1021489741071082 MGMT_ADMIN_CMD          comm=furiosa-smi pid=3133616 tid=3133616
1021489748069473 MGMT_ADMIN_CMD          comm=furiosa-smi pid=3133616 tid=3133616
1021489762014641 MGMT_ADMIN_CMD          comm=furiosa-smi pid=3133616 tid=3133616
1021489777376765 MGMT_ADMIN_CMD          comm=furiosa-smi pid=3133616 tid=3133616
1021489780935858 MGMT_ADMIN_CMD          comm=furiosa-smi pid=3133616 tid=3133616
1021489784517391 MGMT_ADMIN_CMD          comm=furiosa-smi pid=3133616 tid=3133616
1021489788101694 MGMT_ADMIN_CMD          comm=furiosa-smi pid=3133616 tid=3133616
1021489799680252 MGMT_ADMIN_CMD          comm=furiosa-smi pid=3133616 tid=3133616
1021489813349933 MGMT_ADMIN_CMD          comm=furiosa-smi pid=3133616 tid=3133616
1021489880922602 MGMT_ADMIN_CMD          comm=furiosa-smi pid=3133616 tid=3133616
1021489884539371 MGMT_ADMIN_CMD          comm=furiosa-smi pid=3133616 tid=3133616
1021489888106339 MGMT_ADMIN_CMD          comm=furiosa-smi pid=3133616 tid=3133616
1021489891680526 MGMT_ADMIN_CMD          comm=furiosa-smi pid=3133616 tid=3133616
1021489895297241 MGMT_ADMIN_CMD          comm=furiosa-smi pid=3133616 tid=3133616
1021489898863429 MGMT_ADMIN_CMD          comm=furiosa-smi pid=3133616 tid=3133616
1021489902429675 MGMT_ADMIN_CMD          comm=furiosa-smi pid=3133616 tid=3133616
1021489905987833 MGMT_ADMIN_CMD          comm=furiosa-smi pid=3133616 tid=3133616
1021490766116258 MGMT_ADMIN_CMD          comm=tokio-runtime-w pid=3134137 tid=3134394
1021490766732609 MGMT_ADMIN_CMD          comm=tokio-runtime-w pid=3134137 tid=3134396
1021490778162963 MGMT_ADMIN_CMD          comm=tokio-runtime-w pid=3134137 tid=3134396
1021490778467145 MGMT_ADMIN_CMD          comm=tokio-runtime-w pid=3134137 tid=3134398
1021490789466226 MGMT_ADMIN_CMD          comm=tokio-runtime-w pid=3134137 tid=3134398
1021490789728035 MGMT_ADMIN_CMD          comm=tokio-runtime-w pid=3134137 tid=3134399
1021490800340584 MGMT_ADMIN_CMD          comm=tokio-runtime-w pid=3134137 tid=3134399
1021490800508028 MGMT_ADMIN_CMD          comm=tokio-runtime-w pid=3134137 tid=3134394
1021490932125874 MGMT_ADMIN_CMD          comm=tokio-runtime-w pid=3134137 tid=3134396
1021490937175554 MGMT_ADMIN_CMD          comm=tokio-runtime-w pid=3134137 tid=3134396
1021490941907084 MGMT_ADMIN_CMD          comm=tokio-runtime-w pid=3134137 tid=3134396
1021490946566795 MGMT_ADMIN_CMD          comm=tokio-runtime-w pid=3134137 tid=3134396
1021491169700427 MGMT_ADMIN_CMD          comm=tokio-runtime-w pid=3134400 tid=3134657
1021491170559009 MGMT_ADMIN_CMD          comm=tokio-runtime-w pid=3134400 tid=3134658
1021491182108933 MGMT_ADMIN_CMD          comm=tokio-runtime-w pid=3134400 tid=3134658
1021491182629947 MGMT_ADMIN_CMD          comm=tokio-runtime-w pid=3134400 tid=3134657
1021491193608461 MGMT_ADMIN_CMD          comm=tokio-runtime-w pid=3134400 tid=3134657
1021491194159108 MGMT_ADMIN_CMD          comm=tokio-runtime-w pid=3134400 tid=3134659
1021491204904665 MGMT_ADMIN_CMD          comm=tokio-runtime-w pid=3134400 tid=3134659
1021491205189268 MGMT_ADMIN_CMD          comm=tokio-runtime-w pid=3134400 tid=3134661
---- KTRACE heartbeat nsec=1021491208032459 ----
1021491218989948 MGMT_ADMIN_CMD          comm=furiosa-smi pid=3134400 tid=3134400
1021491222566011 MGMT_ADMIN_CMD          comm=furiosa-smi pid=3134400 tid=3134400
1021491226184880 MGMT_ADMIN_CMD          comm=furiosa-smi pid=3134400 tid=3134400
1021491229749197 MGMT_ADMIN_CMD          comm=furiosa-smi pid=3134400 tid=3134400
1021491233316951 MGMT_ADMIN_CMD          comm=furiosa-smi pid=3134400 tid=3134400
1021491236936507 MGMT_ADMIN_CMD          comm=furiosa-smi pid=3134400 tid=3134400
1021491240500881 MGMT_ADMIN_CMD          comm=furiosa-smi pid=3134400 tid=3134400
1021491244063256 MGMT_ADMIN_CMD          comm=furiosa-smi pid=3134400 tid=3134400
1021491250915013 MGMT_ADMIN_CMD          comm=furiosa-smi pid=3134400 tid=3134400
1021491254529827 MGMT_ADMIN_CMD          comm=furiosa-smi pid=3134400 tid=3134400
1021491258095892 MGMT_ADMIN_CMD          comm=furiosa-smi pid=3134400 tid=3134400
1021491261656482 MGMT_ADMIN_CMD          comm=furiosa-smi pid=3134400 tid=3134400
1021491265218601 MGMT_ADMIN_CMD          comm=furiosa-smi pid=3134400 tid=3134400
1021491268787139 MGMT_ADMIN_CMD          comm=furiosa-smi pid=3134400 tid=3134400
1021491272344985 MGMT_ADMIN_CMD          comm=furiosa-smi pid=3134400 tid=3134400
1021491275929680 MGMT_ADMIN_CMD          comm=furiosa-smi pid=3134400 tid=3134400
1021491282676575 MGMT_ADMIN_CMD          comm=furiosa-smi pid=3134400 tid=3134400
1021491286267358 MGMT_ADMIN_CMD          comm=furiosa-smi pid=3134400 tid=3134400
1021491289804417 MGMT_ADMIN_CMD          comm=furiosa-smi pid=3134400 tid=3134400
1021491293373706 MGMT_ADMIN_CMD          comm=furiosa-smi pid=3134400 tid=3134400
1021491296976113 MGMT_ADMIN_CMD          comm=furiosa-smi pid=3134400 tid=3134400
1021491300532793 MGMT_ADMIN_CMD          comm=furiosa-smi pid=3134400 tid=3134400
1021491304076814 MGMT_ADMIN_CMD          comm=furiosa-smi pid=3134400 tid=3134400
1021491307621605 MGMT_ADMIN_CMD          comm=furiosa-smi pid=3134400 tid=3134400
1021491314299062 MGMT_ADMIN_CMD          comm=furiosa-smi pid=3134400 tid=3134400
1021491317849677 MGMT_ADMIN_CMD          comm=furiosa-smi pid=3134400 tid=3134400
1021491321398790 MGMT_ADMIN_CMD          comm=furiosa-smi pid=3134400 tid=3134400
1021491324937533 MGMT_ADMIN_CMD          comm=furiosa-smi pid=3134400 tid=3134400
1021491328486460 MGMT_ADMIN_CMD          comm=furiosa-smi pid=3134400 tid=3134400
1021491332084930 MGMT_ADMIN_CMD          comm=furiosa-smi pid=3134400 tid=3134400
1021491335687184 MGMT_ADMIN_CMD          comm=furiosa-smi pid=3134400 tid=3134400
1021491339230417 MGMT_ADMIN_CMD          comm=furiosa-smi pid=3134400 tid=3134400
1021492196647199 MGMT_ADMIN_CMD          comm=tokio-runtime-w pid=3134937 tid=3135194
1021492198158504 MGMT_ADMIN_CMD          comm=tokio-runtime-w pid=3134937 tid=3135195
1021492209070984 MGMT_ADMIN_CMD          comm=tokio-runtime-w pid=3134937 tid=3135195
1021492209182046 MGMT_ADMIN_CMD          comm=tokio-runtime-w pid=3134937 tid=3135199
1021492219955366 MGMT_ADMIN_CMD          comm=tokio-runtime-w pid=3134937 tid=3135199
1021492220370705 MGMT_ADMIN_CMD          comm=tokio-runtime-w pid=3134937 tid=3135197
1021492231125187 MGMT_ADMIN_CMD          comm=tokio-runtime-w pid=3134937 tid=3135197
1021492231464972 MGMT_ADMIN_CMD          comm=tokio-runtime-w pid=3134937 tid=3135198
1021492364191960 MGMT_ADMIN_CMD          comm=tokio-runtime-w pid=3134937 tid=3135199
1021492368941926 MGMT_ADMIN_CMD          comm=tokio-runtime-w pid=3134937 tid=3135199
1021492373918275 MGMT_ADMIN_CMD          comm=tokio-runtime-w pid=3134937 tid=3135199
1021492378892452 MGMT_ADMIN_CMD          comm=tokio-runtime-w pid=3134937 tid=3135199
1021492583363968 MGMT_ADMIN_CMD          comm=tokio-runtime-w pid=3135211 tid=3135596
1021492584173825 MGMT_ADMIN_CMD          comm=tokio-runtime-w pid=3135211 tid=3135598
1021492595481103 MGMT_ADMIN_CMD          comm=tokio-runtime-w pid=3135211 tid=3135599
1021492596039165 MGMT_ADMIN_CMD          comm=tokio-runtime-w pid=3135211 tid=3135598
1021492607062984 MGMT_ADMIN_CMD          comm=tokio-runtime-w pid=3135211 tid=3135598
1021492607481125 MGMT_ADMIN_CMD          comm=tokio-runtime-w pid=3135211 tid=3135600
1021492618232835 MGMT_ADMIN_CMD          comm=tokio-runtime-w pid=3135211 tid=3135600
1021492618674495 MGMT_ADMIN_CMD          comm=tokio-runtime-w pid=3135211 tid=3135599
1021492634414652 MGMT_ADMIN_CMD          comm=furiosa-smi pid=3135211 tid=3135211
1021492638150824 MGMT_ADMIN_CMD          comm=furiosa-smi pid=3135211 tid=3135211
1021492641796411 MGMT_ADMIN_CMD          comm=furiosa-smi pid=3135211 tid=3135211
1021492645484075 MGMT_ADMIN_CMD          comm=furiosa-smi pid=3135211 tid=3135211
1021492649089842 MGMT_ADMIN_CMD          comm=furiosa-smi pid=3135211 tid=3135211
1021492652736087 MGMT_ADMIN_CMD          comm=furiosa-smi pid=3135211 tid=3135211
1021492656467448 MGMT_ADMIN_CMD          comm=furiosa-smi pid=3135211 tid=3135211
1021492660198746 MGMT_ADMIN_CMD          comm=furiosa-smi pid=3135211 tid=3135211
1021492669528548 MGMT_ADMIN_CMD          comm=furiosa-smi pid=3135211 tid=3135211
1021492673282116 MGMT_ADMIN_CMD          comm=furiosa-smi pid=3135211 tid=3135211
1021492676970149 MGMT_ADMIN_CMD          comm=furiosa-smi pid=3135211 tid=3135211
1021492680693124 MGMT_ADMIN_CMD          comm=furiosa-smi pid=3135211 tid=3135211
1021492684465200 MGMT_ADMIN_CMD          comm=furiosa-smi pid=3135211 tid=3135211
1021492688096594 MGMT_ADMIN_CMD          comm=furiosa-smi pid=3135211 tid=3135211
1021492691691012 MGMT_ADMIN_CMD          comm=furiosa-smi pid=3135211 tid=3135211
1021492695296674 MGMT_ADMIN_CMD          comm=furiosa-smi pid=3135211 tid=3135211
1021492704922329 MGMT_ADMIN_CMD          comm=tokio-runtime-w pid=3130031 tid=3135602
1021492705508704 MGMT_ADMIN_CMD          comm=tokio-runtime-w pid=3130031 tid=3135603
1021492705734945 MGMT_ADMIN_CMD          comm=furiosa-smi pid=3135211 tid=3135211
1021492709471564 MGMT_ADMIN_CMD          comm=furiosa-smi pid=3135211 tid=3135211
1021492713109120 MGMT_ADMIN_CMD          comm=furiosa-smi pid=3135211 tid=3135211
1021492716855628 MGMT_ADMIN_CMD          comm=furiosa-smi pid=3135211 tid=3135211
1021492717647384 MGMT_ADMIN_CMD          comm=tokio-runtime-w pid=3130031 tid=3135603
1021492717877722 MGMT_ADMIN_CMD          comm=tokio-runtime-w pid=3130031 tid=3135604
1021492720525956 MGMT_ADMIN_CMD          comm=furiosa-smi pid=3135211 tid=3135211
1021492724382658 MGMT_ADMIN_CMD          comm=furiosa-smi pid=3135211 tid=3135211
1021492728117599 MGMT_ADMIN_CMD          comm=furiosa-smi pid=3135211 tid=3135211
1021492730118123 MGMT_ADMIN_CMD          comm=tokio-runtime-w pid=3130031 tid=3135604
1021492730532033 MGMT_ADMIN_CMD          comm=tokio-runtime-w pid=3130031 tid=3135605
1021492731880630 MGMT_ADMIN_CMD          comm=furiosa-smi pid=3135211 tid=3135211
1021492742031102 MGMT_ADMIN_CMD          comm=furiosa-smi pid=3135211 tid=3135211
1021492745734428 MGMT_ADMIN_CMD          comm=furiosa-smi pid=3135211 tid=3135211
1021492748403836 MGMT_ADMIN_CMD          comm=tokio-runtime-w pid=3130031 tid=3135605
1021492748780679 MGMT_ADMIN_CMD          comm=tokio-runtime-w pid=3130031 tid=3135606
1021492749445697 MGMT_ADMIN_CMD          comm=furiosa-smi pid=3135211 tid=3135211
1021492753231876 MGMT_ADMIN_CMD          comm=furiosa-smi pid=3135211 tid=3135211
1021492764747804 MGMT_ADMIN_CMD          comm=furiosa-smi pid=3135211 tid=3135211
1021492768462631 MGMT_ADMIN_CMD          comm=furiosa-smi pid=3135211 tid=3135211
1021492772189491 MGMT_ADMIN_CMD          comm=furiosa-smi pid=3135211 tid=3135211
1021492775917191 MGMT_ADMIN_CMD          comm=furiosa-smi pid=3135211 tid=3135211
1021493598696930 MGMT_ADMIN_CMD          comm=tokio-runtime-w pid=3135892 tid=3136149
1021493599301576 MGMT_ADMIN_CMD          comm=tokio-runtime-w pid=3135892 tid=3136152
1021493610166816 MGMT_ADMIN_CMD          comm=tokio-runtime-w pid=3135892 tid=3136152
1021493610457490 MGMT_ADMIN_CMD          comm=tokio-runtime-w pid=3135892 tid=3136153
1021493621522390 MGMT_ADMIN_CMD          comm=tokio-runtime-w pid=3135892 tid=3136153
1021493621750965 MGMT_ADMIN_CMD          comm=tokio-runtime-w pid=3135892 tid=3136151
1021493632724314 MGMT_ADMIN_CMD          comm=tokio-runtime-w pid=3135892 tid=3136151
1021493633186715 MGMT_ADMIN_CMD          comm=tokio-runtime-w pid=3135892 tid=3136149
1021493764389665 MGMT_ADMIN_CMD          comm=tokio-runtime-w pid=3135892 tid=3136153
1021493769651605 MGMT_ADMIN_CMD          comm=tokio-runtime-w pid=3135892 tid=3136152
1021493774418887 MGMT_ADMIN_CMD          comm=tokio-runtime-w pid=3135892 tid=3136152
1021493779370240 MGMT_ADMIN_CMD          comm=tokio-runtime-w pid=3135892 tid=3136152
1021493988952608 MGMT_ADMIN_CMD          comm=tokio-runtime-w pid=3136155 tid=3136412
1021493989674132 MGMT_ADMIN_CMD          comm=tokio-runtime-w pid=3136155 tid=3136413
1021494001648488 MGMT_ADMIN_CMD          comm=tokio-runtime-w pid=3136155 tid=3136414
1021494002534645 MGMT_ADMIN_CMD          comm=tokio-runtime-w pid=3136155 tid=3136412
1021494013171310 MGMT_ADMIN_CMD          comm=tokio-runtime-w pid=3136155 tid=3136412
1021494013458501 MGMT_ADMIN_CMD          comm=tokio-runtime-w pid=3136155 tid=3136415
1021494024564596 MGMT_ADMIN_CMD          comm=tokio-runtime-w pid=3136155 tid=3136415
1021494025050394 MGMT_ADMIN_CMD          comm=tokio-runtime-w pid=3136155 tid=3136417
1021494041524985 MGMT_ADMIN_CMD          comm=furiosa-smi pid=3136155 tid=3136155
1021494045262160 MGMT_ADMIN_CMD          comm=furiosa-smi pid=3136155 tid=3136155
1021494048992642 MGMT_ADMIN_CMD          comm=furiosa-smi pid=3136155 tid=3136155
1021494052700688 MGMT_ADMIN_CMD          comm=furiosa-smi pid=3136155 tid=3136155
1021494056407114 MGMT_ADMIN_CMD          comm=furiosa-smi pid=3136155 tid=3136155
1021494060138724 MGMT_ADMIN_CMD          comm=furiosa-smi pid=3136155 tid=3136155
1021494063876906 MGMT_ADMIN_CMD          comm=furiosa-smi pid=3136155 tid=3136155
1021494067582141 MGMT_ADMIN_CMD          comm=furiosa-smi pid=3136155 tid=3136155
1021494077248165 MGMT_ADMIN_CMD          comm=furiosa-smi pid=3136155 tid=3136155
1021494080941764 MGMT_ADMIN_CMD          comm=furiosa-smi pid=3136155 tid=3136155
1021494084605597 MGMT_ADMIN_CMD          comm=furiosa-smi pid=3136155 tid=3136155
1021494088456258 MGMT_ADMIN_CMD          comm=furiosa-smi pid=3136155 tid=3136155
1021494092469997 MGMT_ADMIN_CMD          comm=furiosa-smi pid=3136155 tid=3136155
1021494096060039 MGMT_ADMIN_CMD          comm=furiosa-smi pid=3136155 tid=3136155
1021494099634204 MGMT_ADMIN_CMD          comm=furiosa-smi pid=3136155 tid=3136155
1021494103279354 MGMT_ADMIN_CMD          comm=furiosa-smi pid=3136155 tid=3136155
1021494108426714 MGMT_ADMIN_CMD          comm=furiosa-smi pid=3136155 tid=3136155
1021494111898010 MGMT_ADMIN_CMD          comm=furiosa-smi pid=3136155 tid=3136155
1021494115363366 MGMT_ADMIN_CMD          comm=furiosa-smi pid=3136155 tid=3136155
1021494118776932 OPEN  pdma         comm=viztracer pid=3130031 tid=3136674
1021494118929965 MGMT_ADMIN_CMD          comm=furiosa-smi pid=3136155 tid=3136155
1021494119180994 OPEN  dmar         comm=viztracer pid=3130031 tid=3136674
1021494119209652 IOCTL dmar cmd=0xc0c84e05  comm=viztracer pid=3130031 tid=3136674
1021494119311886 OPEN  pdma_remote  comm=viztracer pid=3130031 tid=3136674
1021494119325579 OPEN  pdma_remote  comm=viztracer pid=3130031 tid=3136674
1021494119331122 OPEN  pdma_remote  comm=viztracer pid=3130031 tid=3136674
1021494119336356 OPEN  pdma_remote  comm=viztracer pid=3130031 tid=3136674
1021494119341034 OPEN  pdma_remote  comm=viztracer pid=3130031 tid=3136674
1021494119345177 OPEN  pdma_remote  comm=viztracer pid=3130031 tid=3136674
1021494119349156 OPEN  pdma_remote  comm=viztracer pid=3130031 tid=3136674
1021494119353506 OPEN  pdma_remote  comm=viztracer pid=3130031 tid=3136674
1021494119363493 MGMT_ADMIN_CMD          comm=viztracer pid=3130031 tid=3136674
1021494122758086 MGMT_ADMIN_CMD          comm=furiosa-smi pid=3136155 tid=3136155
1021494126651067 MGMT_ADMIN_CMD          comm=furiosa-smi pid=3136155 tid=3136155
1021494127418895 MGMT_ADMIN_CMD          comm=viztracer pid=3130031 tid=3136674
1021494130440136 MGMT_ADMIN_CMD          comm=furiosa-smi pid=3136155 tid=3136155
1021494131472833 MGMT_ADMIN_CMD          comm=viztracer pid=3130031 tid=3136674
1021494134188455 MGMT_ADMIN_CMD          comm=furiosa-smi pid=3136155 tid=3136155
1021494143088719 MGMT_ADMIN_CMD          comm=furiosa-smi pid=3136155 tid=3136155
1021494146806780 MGMT_ADMIN_CMD          comm=furiosa-smi pid=3136155 tid=3136155
1021494150469511 MGMT_ADMIN_CMD          comm=furiosa-smi pid=3136155 tid=3136155
1021494154198038 MGMT_ADMIN_CMD          comm=furiosa-smi pid=3136155 tid=3136155
1021494157863756 MGMT_ADMIN_CMD          comm=furiosa-smi pid=3136155 tid=3136155
1021494161489807 MGMT_ADMIN_CMD          comm=furiosa-smi pid=3136155 tid=3136155
1021494165178309 MGMT_ADMIN_CMD          comm=furiosa-smi pid=3136155 tid=3136155
1021494168843685 MGMT_ADMIN_CMD          comm=furiosa-smi pid=3136155 tid=3136155
1021494295220234 OPEN  pdma         comm=viztracer pid=3130031 tid=3136674
1021494295240761 OPEN  pdma         comm=viztracer pid=3130031 tid=3136674
1021494295246926 OPEN  pdma         comm=viztracer pid=3130031 tid=3136674
1021494295252248 OPEN  pdma         comm=viztracer pid=3130031 tid=3136674
1021494295257721 OPEN  pdma         comm=viztracer pid=3130031 tid=3136674
1021494295262961 OPEN  pdma         comm=viztracer pid=3130031 tid=3136674
1021494295268955 OPEN  pdma         comm=viztracer pid=3130031 tid=3136674
1021494295273521 OPEN  pdma         comm=viztracer pid=3130031 tid=3136674
1021494300552697 OPEN  pdma         comm=viztracer pid=3130031 tid=3136936
1021494300911476 OPEN  dmar         comm=viztracer pid=3130031 tid=3136936
1021494300930157 IOCTL dmar cmd=0xc0c84e05  comm=viztracer pid=3130031 tid=3136936
1021494300959096 OPEN  pdma_remote  comm=viztracer pid=3130031 tid=3136936
1021494300964064 OPEN  pdma_remote  comm=viztracer pid=3130031 tid=3136936
1021494300968270 OPEN  pdma_remote  comm=viztracer pid=3130031 tid=3136936
1021494300972829 OPEN  pdma_remote  comm=viztracer pid=3130031 tid=3136936
1021494300978474 OPEN  pdma_remote  comm=viztracer pid=3130031 tid=3136936
1021494300982214 OPEN  pdma_remote  comm=viztracer pid=3130031 tid=3136936
1021494300985744 OPEN  pdma_remote  comm=viztracer pid=3130031 tid=3136936
1021494300989312 OPEN  pdma_remote  comm=viztracer pid=3130031 tid=3136936
1021494300997529 MGMT_ADMIN_CMD          comm=viztracer pid=3130031 tid=3136936
1021494308475845 MGMT_ADMIN_CMD          comm=viztracer pid=3130031 tid=3136936
1021494312611486 MGMT_ADMIN_CMD          comm=viztracer pid=3130031 tid=3136936
1021494476051247 OPEN  pdma         comm=viztracer pid=3130031 tid=3136936
1021494476070807 OPEN  pdma         comm=viztracer pid=3130031 tid=3136936
1021494476075817 OPEN  pdma         comm=viztracer pid=3130031 tid=3136936
1021494476079972 OPEN  pdma         comm=viztracer pid=3130031 tid=3136936
1021494476083930 OPEN  pdma         comm=viztracer pid=3130031 tid=3136936
1021494476089456 OPEN  pdma         comm=viztracer pid=3130031 tid=3136936
1021494476094077 OPEN  pdma         comm=viztracer pid=3130031 tid=3136936
1021494476097861 OPEN  pdma         comm=viztracer pid=3130031 tid=3136936
1021494481684407 OPEN  pdma         comm=viztracer pid=3130031 tid=3136940
1021494482056598 OPEN  dmar         comm=viztracer pid=3130031 tid=3136940
1021494482077367 IOCTL dmar cmd=0xc0c84e05  comm=viztracer pid=3130031 tid=3136940
1021494482108862 OPEN  pdma_remote  comm=viztracer pid=3130031 tid=3136940
1021494482117362 OPEN  pdma_remote  comm=viztracer pid=3130031 tid=3136940
1021494482124116 OPEN  pdma_remote  comm=viztracer pid=3130031 tid=3136940
1021494482130572 OPEN  pdma_remote  comm=viztracer pid=3130031 tid=3136940
1021494482137042 OPEN  pdma_remote  comm=viztracer pid=3130031 tid=3136940
1021494482143707 OPEN  pdma_remote  comm=viztracer pid=3130031 tid=3136940
1021494482149516 OPEN  pdma_remote  comm=viztracer pid=3130031 tid=3136940
1021494482155225 OPEN  pdma_remote  comm=viztracer pid=3130031 tid=3136940
1021494482165972 MGMT_ADMIN_CMD          comm=viztracer pid=3130031 tid=3136940
1021494488515001 MGMT_ADMIN_CMD          comm=viztracer pid=3130031 tid=3136940
1021494492672281 MGMT_ADMIN_CMD          comm=viztracer pid=3130031 tid=3136940
1021494656159222 OPEN  pdma         comm=viztracer pid=3130031 tid=3136940
1021494656178539 OPEN  pdma         comm=viztracer pid=3130031 tid=3136940
1021494656185472 OPEN  pdma         comm=viztracer pid=3130031 tid=3136940
1021494656192139 OPEN  pdma         comm=viztracer pid=3130031 tid=3136940
1021494656196472 OPEN  pdma         comm=viztracer pid=3130031 tid=3136940
1021494656205822 OPEN  pdma         comm=viztracer pid=3130031 tid=3136940
1021494656211933 OPEN  pdma         comm=viztracer pid=3130031 tid=3136940
1021494656217112 OPEN  pdma         comm=viztracer pid=3130031 tid=3136940
1021494661811308 OPEN  pdma         comm=viztracer pid=3130031 tid=3136944
1021494662177944 OPEN  dmar         comm=viztracer pid=3130031 tid=3136944
1021494662193974 IOCTL dmar cmd=0xc0c84e05  comm=viztracer pid=3130031 tid=3136944
1021494662214171 OPEN  pdma_remote  comm=viztracer pid=3130031 tid=3136944
1021494662217275 OPEN  pdma_remote  comm=viztracer pid=3130031 tid=3136944
1021494662219284 OPEN  pdma_remote  comm=viztracer pid=3130031 tid=3136944
1021494662221594 OPEN  pdma_remote  comm=viztracer pid=3130031 tid=3136944
1021494662223990 OPEN  pdma_remote  comm=viztracer pid=3130031 tid=3136944
1021494662226784 OPEN  pdma_remote  comm=viztracer pid=3130031 tid=3136944
1021494662228966 OPEN  pdma_remote  comm=viztracer pid=3130031 tid=3136944
1021494662231128 OPEN  pdma_remote  comm=viztracer pid=3130031 tid=3136944
1021494662237261 MGMT_ADMIN_CMD          comm=viztracer pid=3130031 tid=3136944
1021494667816825 MGMT_ADMIN_CMD          comm=viztracer pid=3130031 tid=3136944
1021494671752824 MGMT_ADMIN_CMD          comm=viztracer pid=3130031 tid=3136944
1021494834934140 OPEN  pdma         comm=viztracer pid=3130031 tid=3136944
1021494834953114 OPEN  pdma         comm=viztracer pid=3130031 tid=3136944
1021494834959520 OPEN  pdma         comm=viztracer pid=3130031 tid=3136944
1021494834963154 OPEN  pdma         comm=viztracer pid=3130031 tid=3136944
1021494834967610 OPEN  pdma         comm=viztracer pid=3130031 tid=3136944
1021494834971315 OPEN  pdma         comm=viztracer pid=3130031 tid=3136944
1021494834975555 OPEN  pdma         comm=viztracer pid=3130031 tid=3136944
1021494834980383 OPEN  pdma         comm=viztracer pid=3130031 tid=3136944
1021494839592169 OPEN  pdma         comm=viztracer pid=3130031 tid=3137029
1021494839915260 OPEN  dmar         comm=viztracer pid=3130031 tid=3137029
1021494839938749 IOCTL dmar cmd=0xc0c84e05  comm=viztracer pid=3130031 tid=3137029
1021494839967640 OPEN  pdma_remote  comm=viztracer pid=3130031 tid=3137029
1021494839980144 OPEN  pdma_remote  comm=viztracer pid=3130031 tid=3137029
1021494839987420 OPEN  pdma_remote  comm=viztracer pid=3130031 tid=3137029
1021494839992910 OPEN  pdma_remote  comm=viztracer pid=3130031 tid=3137029
1021494839999260 OPEN  pdma_remote  comm=viztracer pid=3130031 tid=3137029
1021494840016800 OPEN  pdma_remote  comm=viztracer pid=3130031 tid=3137029
1021494840022490 OPEN  pdma_remote  comm=viztracer pid=3130031 tid=3137029
1021494840027420 OPEN  pdma_remote  comm=viztracer pid=3130031 tid=3137029
1021494840036884 MGMT_ADMIN_CMD          comm=viztracer pid=3130031 tid=3137029
1021494845729970 MGMT_ADMIN_CMD          comm=viztracer pid=3130031 tid=3137029
1021494849868644 MGMT_ADMIN_CMD          comm=viztracer pid=3130031 tid=3137029
1021495005407040 MGMT_ADMIN_CMD          comm=tokio-runtime-w pid=3136947 tid=3137208
1021495006314151 MGMT_ADMIN_CMD          comm=tokio-runtime-w pid=3136947 tid=3137211
1021495013232511 OPEN  pdma         comm=viztracer pid=3130031 tid=3137029
1021495013243534 OPEN  pdma         comm=viztracer pid=3130031 tid=3137029
1021495013249124 OPEN  pdma         comm=viztracer pid=3130031 tid=3137029
1021495013253800 OPEN  pdma         comm=viztracer pid=3130031 tid=3137029
1021495013257288 OPEN  pdma         comm=viztracer pid=3130031 tid=3137029
1021495013262623 OPEN  pdma         comm=viztracer pid=3130031 tid=3137029
1021495013267826 OPEN  pdma         comm=viztracer pid=3130031 tid=3137029
1021495013272228 OPEN  pdma         comm=viztracer pid=3130031 tid=3137029
1021495018242365 MGMT_ADMIN_CMD          comm=tokio-runtime-w pid=3136947 tid=3137211
1021495018571932 MGMT_ADMIN_CMD          comm=tokio-runtime-w pid=3136947 tid=3137209
1021495018775100 OPEN  pdma         comm=viztracer pid=3130031 tid=3137215
1021495019231735 OPEN  dmar         comm=viztracer pid=3130031 tid=3137215
1021495019251060 IOCTL dmar cmd=0xc0c84e05  comm=viztracer pid=3130031 tid=3137215
1021495019272871 OPEN  pdma_remote  comm=viztracer pid=3130031 tid=3137215
1021495019277189 OPEN  pdma_remote  comm=viztracer pid=3130031 tid=3137215
1021495019280880 OPEN  pdma_remote  comm=viztracer pid=3130031 tid=3137215
1021495019283993 OPEN  pdma_remote  comm=viztracer pid=3130031 tid=3137215
1021495019287535 OPEN  pdma_remote  comm=viztracer pid=3130031 tid=3137215
1021495019290354 OPEN  pdma_remote  comm=viztracer pid=3130031 tid=3137215
1021495019293537 OPEN  pdma_remote  comm=viztracer pid=3130031 tid=3137215
1021495019296583 OPEN  pdma_remote  comm=viztracer pid=3130031 tid=3137215
1021495019303166 MGMT_ADMIN_CMD          comm=viztracer pid=3130031 tid=3137215
1021495024447357 MGMT_ADMIN_CMD          comm=viztracer pid=3130031 tid=3137215
1021495028388011 MGMT_ADMIN_CMD          comm=viztracer pid=3130031 tid=3137215
1021495030184202 MGMT_ADMIN_CMD          comm=tokio-runtime-w pid=3136947 tid=3137209
1021495030568347 MGMT_ADMIN_CMD          comm=tokio-runtime-w pid=3136947 tid=3137208
1021495191582609 OPEN  pdma         comm=viztracer pid=3130031 tid=3137215
1021495191589573 OPEN  pdma         comm=viztracer pid=3130031 tid=3137215
1021495191592234 OPEN  pdma         comm=viztracer pid=3130031 tid=3137215
1021495191594510 OPEN  pdma         comm=viztracer pid=3130031 tid=3137215
1021495191596908 OPEN  pdma         comm=viztracer pid=3130031 tid=3137215
1021495191599433 OPEN  pdma         comm=viztracer pid=3130031 tid=3137215
1021495191602778 OPEN  pdma         comm=viztracer pid=3130031 tid=3137215
1021495191606140 OPEN  pdma         comm=viztracer pid=3130031 tid=3137215
1021495197232787 OPEN  pdma         comm=viztracer pid=3130031 tid=3137219
1021495197780273 OPEN  dmar         comm=viztracer pid=3130031 tid=3137219
1021495197802507 IOCTL dmar cmd=0xc0c84e05  comm=viztracer pid=3130031 tid=3137219
1021495197834268 OPEN  pdma_remote  comm=viztracer pid=3130031 tid=3137219
1021495197841163 OPEN  pdma_remote  comm=viztracer pid=3130031 tid=3137219
1021495197847456 OPEN  pdma_remote  comm=viztracer pid=3130031 tid=3137219
1021495197853833 OPEN  pdma_remote  comm=viztracer pid=3130031 tid=3137219
1021495197859393 OPEN  pdma_remote  comm=viztracer pid=3130031 tid=3137219
1021495197864376 OPEN  pdma_remote  comm=viztracer pid=3130031 tid=3137219
1021495197870008 OPEN  pdma_remote  comm=viztracer pid=3130031 tid=3137219
1021495197875273 OPEN  pdma_remote  comm=viztracer pid=3130031 tid=3137219
1021495197885793 MGMT_ADMIN_CMD          comm=viztracer pid=3130031 tid=3137219
1021495201953634 MGMT_ADMIN_CMD          comm=tokio-runtime-w pid=3136947 tid=3137208
1021495202221488 MGMT_ADMIN_CMD          comm=tokio-runtime-w pid=3136947 tid=3137210
1021495202980923 MGMT_ADMIN_CMD          comm=viztracer pid=3130031 tid=3137219
1021495213797324 MGMT_ADMIN_CMD          comm=viztracer pid=3130031 tid=3137219
1021495389886403 OPEN  pdma         comm=viztracer pid=3130031 tid=3137219
1021495389908565 OPEN  pdma         comm=viztracer pid=3130031 tid=3137219
1021495389914420 OPEN  pdma         comm=viztracer pid=3130031 tid=3137219
1021495389919954 OPEN  pdma         comm=viztracer pid=3130031 tid=3137219
1021495389925054 OPEN  pdma         comm=viztracer pid=3130031 tid=3137219
1021495389931554 OPEN  pdma         comm=viztracer pid=3130031 tid=3137219
1021495389937494 OPEN  pdma         comm=viztracer pid=3130031 tid=3137219
1021495389943354 OPEN  pdma         comm=viztracer pid=3130031 tid=3137219
1021495395776623 OPEN  pdma         comm=viztracer pid=3130031 tid=3137223
1021495396260260 OPEN  dmar         comm=viztracer pid=3130031 tid=3137223
1021495396279566 IOCTL dmar cmd=0xc0c84e05  comm=viztracer pid=3130031 tid=3137223
1021495396303145 OPEN  pdma_remote  comm=viztracer pid=3130031 tid=3137223
1021495396307442 OPEN  pdma_remote  comm=viztracer pid=3130031 tid=3137223
1021495396310660 OPEN  pdma_remote  comm=viztracer pid=3130031 tid=3137223
1021495396313634 OPEN  pdma_remote  comm=viztracer pid=3130031 tid=3137223
1021495396317634 OPEN  pdma_remote  comm=viztracer pid=3130031 tid=3137223
1021495396321185 OPEN  pdma_remote  comm=viztracer pid=3130031 tid=3137223
1021495396324325 OPEN  pdma_remote  comm=viztracer pid=3130031 tid=3137223
1021495396327229 OPEN  pdma_remote  comm=viztracer pid=3130031 tid=3137223
1021495396334669 MGMT_ADMIN_CMD          comm=viztracer pid=3130031 tid=3137223
1021495402046352 MGMT_ADMIN_CMD          comm=viztracer pid=3130031 tid=3137223
1021495406120280 MGMT_ADMIN_CMD          comm=viztracer pid=3130031 tid=3137223
1021495581579920 OPEN  pdma         comm=viztracer pid=3130031 tid=3137223
1021495581598297 OPEN  pdma         comm=viztracer pid=3130031 tid=3137223
1021495581602597 OPEN  pdma         comm=viztracer pid=3130031 tid=3137223
1021495581607415 OPEN  pdma         comm=viztracer pid=3130031 tid=3137223
1021495581612552 OPEN  pdma         comm=viztracer pid=3130031 tid=3137223
1021495581616861 OPEN  pdma         comm=viztracer pid=3130031 tid=3137223
1021495581621167 OPEN  pdma         comm=viztracer pid=3130031 tid=3137223
1021495581625387 OPEN  pdma         comm=viztracer pid=3130031 tid=3137223
1021495581997372 MGMT_ADMIN_CMD          comm=tokio-runtime-w pid=3136947 tid=3137209
1021495590680665 MGMT_ADMIN_CMD          comm=tokio-runtime-w pid=3136947 tid=3137209
1021495596576242 MGMT_ADMIN_CMD          comm=tokio-runtime-w pid=3136947 tid=3137209
1021495603148707 MGMT_ADMIN_CMD          comm=tokio-runtime-w pid=3136947 tid=3137209
---- KTRACE heartbeat nsec=1021496248027350 ----
1021496310931707 MGMT_ADMIN_CMD          comm=tokio-runtime-w pid=3137231 tid=3138074
1021496311576045 MGMT_ADMIN_CMD          comm=tokio-runtime-w pid=3137231 tid=3138076
1021496320691543 MGMT_ADMIN_CMD          comm=tokio-runtime-w pid=3137231 tid=3138076
1021496320757728 MGMT_ADMIN_CMD          comm=tokio-runtime-w pid=3137231 tid=3138075
1021496331260919 MGMT_ADMIN_CMD          comm=tokio-runtime-w pid=3137231 tid=3138075
1021496331393413 MGMT_ADMIN_CMD          comm=tokio-runtime-w pid=3137231 tid=3138074
1021496341987162 MGMT_ADMIN_CMD          comm=tokio-runtime-w pid=3137231 tid=3138074
1021496342246917 MGMT_ADMIN_CMD          comm=tokio-runtime-w pid=3137231 tid=3138077
1021496355752872 MGMT_ADMIN_CMD          comm=furiosa-smi pid=3137231 tid=3137231
1021496359223995 MGMT_ADMIN_CMD          comm=furiosa-smi pid=3137231 tid=3137231
1021496362678263 MGMT_ADMIN_CMD          comm=furiosa-smi pid=3137231 tid=3137231
1021496366128595 MGMT_ADMIN_CMD          comm=furiosa-smi pid=3137231 tid=3137231
1021496369590543 MGMT_ADMIN_CMD          comm=furiosa-smi pid=3137231 tid=3137231
1021496373039222 MGMT_ADMIN_CMD          comm=furiosa-smi pid=3137231 tid=3137231
1021496376474418 MGMT_ADMIN_CMD          comm=furiosa-smi pid=3137231 tid=3137231
1021496379926365 MGMT_ADMIN_CMD          comm=furiosa-smi pid=3137231 tid=3137231
1021496386521965 MGMT_ADMIN_CMD          comm=furiosa-smi pid=3137231 tid=3137231
1021496390171704 MGMT_ADMIN_CMD          comm=furiosa-smi pid=3137231 tid=3137231
1021496393791376 MGMT_ADMIN_CMD          comm=furiosa-smi pid=3137231 tid=3137231
1021496397373207 MGMT_ADMIN_CMD          comm=furiosa-smi pid=3137231 tid=3137231
1021496400957718 MGMT_ADMIN_CMD          comm=furiosa-smi pid=3137231 tid=3137231
1021496404521777 MGMT_ADMIN_CMD          comm=furiosa-smi pid=3137231 tid=3137231
1021496408166972 MGMT_ADMIN_CMD          comm=furiosa-smi pid=3137231 tid=3137231
1021496411726933 MGMT_ADMIN_CMD          comm=furiosa-smi pid=3137231 tid=3137231
1021496418176994 MGMT_ADMIN_CMD          comm=furiosa-smi pid=3137231 tid=3137231
1021496421619525 MGMT_ADMIN_CMD          comm=furiosa-smi pid=3137231 tid=3137231
1021496425061038 MGMT_ADMIN_CMD          comm=furiosa-smi pid=3137231 tid=3137231
1021496428500971 MGMT_ADMIN_CMD          comm=furiosa-smi pid=3137231 tid=3137231
1021496431958160 MGMT_ADMIN_CMD          comm=furiosa-smi pid=3137231 tid=3137231
1021496435502734 MGMT_ADMIN_CMD          comm=furiosa-smi pid=3137231 tid=3137231
1021496438950087 MGMT_ADMIN_CMD          comm=furiosa-smi pid=3137231 tid=3137231
1021496442402984 MGMT_ADMIN_CMD          comm=furiosa-smi pid=3137231 tid=3137231
1021496449070613 MGMT_ADMIN_CMD          comm=furiosa-smi pid=3137231 tid=3137231
1021496452723874 MGMT_ADMIN_CMD          comm=furiosa-smi pid=3137231 tid=3137231
1021496456321867 MGMT_ADMIN_CMD          comm=furiosa-smi pid=3137231 tid=3137231
1021496459911540 MGMT_ADMIN_CMD          comm=furiosa-smi pid=3137231 tid=3137231
1021496463575518 MGMT_ADMIN_CMD          comm=furiosa-smi pid=3137231 tid=3137231
1021496467141400 MGMT_ADMIN_CMD          comm=furiosa-smi pid=3137231 tid=3137231
1021496470728891 MGMT_ADMIN_CMD          comm=furiosa-smi pid=3137231 tid=3137231
1021496474284371 MGMT_ADMIN_CMD          comm=furiosa-smi pid=3137231 tid=3137231
1021497269424102 MGMT_ADMIN_CMD          comm=tokio-runtime-w pid=3138355 tid=3138612
1021497270486387 MGMT_ADMIN_CMD          comm=tokio-runtime-w pid=3138355 tid=3138615
1021497282063507 MGMT_ADMIN_CMD          comm=tokio-runtime-w pid=3138355 tid=3138615
1021497282192307 MGMT_ADMIN_CMD          comm=tokio-runtime-w pid=3138355 tid=3138616
1021497294081862 MGMT_ADMIN_CMD          comm=tokio-runtime-w pid=3138355 tid=3138616
1021497294985008 MGMT_ADMIN_CMD          comm=tokio-runtime-w pid=3138355 tid=3138617
1021497305851628 MGMT_ADMIN_CMD          comm=tokio-runtime-w pid=3138355 tid=3138617
1021497306617882 MGMT_ADMIN_CMD          comm=tokio-runtime-w pid=3138355 tid=3138612
1021497441259302 MGMT_ADMIN_CMD          comm=tokio-runtime-w pid=3138355 tid=3138613
1021497446702993 MGMT_ADMIN_CMD          comm=tokio-runtime-w pid=3138355 tid=3138613
1021497451745884 MGMT_ADMIN_CMD          comm=tokio-runtime-w pid=3138355 tid=3138613
1021497456617059 MGMT_ADMIN_CMD          comm=tokio-runtime-w pid=3138355 tid=3138613
1021497672573492 MGMT_ADMIN_CMD          comm=tokio-runtime-w pid=3138629 tid=3138887
1021497674183065 MGMT_ADMIN_CMD          comm=tokio-runtime-w pid=3138629 tid=3138888
1021497685107842 MGMT_ADMIN_CMD          comm=tokio-runtime-w pid=3138629 tid=3138888
1021497685181897 MGMT_ADMIN_CMD          comm=tokio-runtime-w pid=3138629 tid=3138889
1021497697096342 MGMT_ADMIN_CMD          comm=tokio-runtime-w pid=3138629 tid=3138889
1021497697530486 MGMT_ADMIN_CMD          comm=tokio-runtime-w pid=3138629 tid=3138890
1021497708675741 MGMT_ADMIN_CMD          comm=tokio-runtime-w pid=3138629 tid=3138890
1021497708869648 MGMT_ADMIN_CMD          comm=tokio-runtime-w pid=3138629 tid=3138891
1021497725241609 MGMT_ADMIN_CMD          comm=furiosa-smi pid=3138629 tid=3138629
1021497728928526 MGMT_ADMIN_CMD          comm=furiosa-smi pid=3138629 tid=3138629
1021497732735519 MGMT_ADMIN_CMD          comm=furiosa-smi pid=3138629 tid=3138629
1021497736445613 MGMT_ADMIN_CMD          comm=furiosa-smi pid=3138629 tid=3138629
1021497740140810 MGMT_ADMIN_CMD          comm=furiosa-smi pid=3138629 tid=3138629
1021497743829799 MGMT_ADMIN_CMD          comm=furiosa-smi pid=3138629 tid=3138629
1021497747551552 MGMT_ADMIN_CMD          comm=furiosa-smi pid=3138629 tid=3138629
1021497751243031 MGMT_ADMIN_CMD          comm=furiosa-smi pid=3138629 tid=3138629
1021497761515659 MGMT_ADMIN_CMD          comm=furiosa-smi pid=3138629 tid=3138629
1021497765199279 MGMT_ADMIN_CMD          comm=furiosa-smi pid=3138629 tid=3138629
1021497768904633 MGMT_ADMIN_CMD          comm=furiosa-smi pid=3138629 tid=3138629
1021497772593674 MGMT_ADMIN_CMD          comm=furiosa-smi pid=3138629 tid=3138629
1021497776263559 MGMT_ADMIN_CMD          comm=furiosa-smi pid=3138629 tid=3138629
1021497779951676 MGMT_ADMIN_CMD          comm=furiosa-smi pid=3138629 tid=3138629
1021497783643385 MGMT_ADMIN_CMD          comm=furiosa-smi pid=3138629 tid=3138629
1021497787350225 MGMT_ADMIN_CMD          comm=furiosa-smi pid=3138629 tid=3138629
1021497797392960 MGMT_ADMIN_CMD          comm=furiosa-smi pid=3138629 tid=3138629
1021497801162709 MGMT_ADMIN_CMD          comm=furiosa-smi pid=3138629 tid=3138629
1021497804837751 MGMT_ADMIN_CMD          comm=furiosa-smi pid=3138629 tid=3138629
1021497808526228 MGMT_ADMIN_CMD          comm=furiosa-smi pid=3138629 tid=3138629
1021497812229794 MGMT_ADMIN_CMD          comm=furiosa-smi pid=3138629 tid=3138629
1021497815938372 MGMT_ADMIN_CMD          comm=furiosa-smi pid=3138629 tid=3138629
1021497819627842 MGMT_ADMIN_CMD          comm=furiosa-smi pid=3138629 tid=3138629
1021497823342562 MGMT_ADMIN_CMD          comm=furiosa-smi pid=3138629 tid=3138629
1021497833256949 MGMT_ADMIN_CMD          comm=furiosa-smi pid=3138629 tid=3138629
1021497836955667 MGMT_ADMIN_CMD          comm=furiosa-smi pid=3138629 tid=3138629
1021497840673450 MGMT_ADMIN_CMD          comm=furiosa-smi pid=3138629 tid=3138629
1021497844446673 MGMT_ADMIN_CMD          comm=furiosa-smi pid=3138629 tid=3138629
1021497848191899 MGMT_ADMIN_CMD          comm=furiosa-smi pid=3138629 tid=3138629
1021497851907008 MGMT_ADMIN_CMD          comm=furiosa-smi pid=3138629 tid=3138629
1021497855616171 MGMT_ADMIN_CMD          comm=furiosa-smi pid=3138629 tid=3138629
1021497859366827 MGMT_ADMIN_CMD          comm=furiosa-smi pid=3138629 tid=3138629
1021498114779626 MGMT_ADMIN_CMD          comm=tokio-runtime-w pid=3138900 tid=3139435
1021498116528666 MGMT_ADMIN_CMD          comm=tokio-runtime-w pid=3138900 tid=3139436
1021498127943288 MGMT_ADMIN_CMD          comm=tokio-runtime-w pid=3138900 tid=3139436
1021498128160452 MGMT_ADMIN_CMD          comm=tokio-runtime-w pid=3138900 tid=3139438
1021498139853642 MGMT_ADMIN_CMD          comm=tokio-runtime-w pid=3138900 tid=3139438
1021498140088608 MGMT_ADMIN_CMD          comm=tokio-runtime-w pid=3138900 tid=3139435
1021498151236649 MGMT_ADMIN_CMD          comm=tokio-runtime-w pid=3138900 tid=3139435
1021498151640705 MGMT_ADMIN_CMD          comm=tokio-runtime-w pid=3138900 tid=3139436
1021498299831384 MGMT_ADMIN_CMD          comm=tokio-runtime-w pid=3138900 tid=3139439
1021498311471975 MGMT_ADMIN_CMD          comm=tokio-runtime-w pid=3138900 tid=3139439
1021498322741493 MGMT_ADMIN_CMD          comm=tokio-runtime-w pid=3138900 tid=3139439
1021498329702088 MGMT_ADMIN_CMD          comm=tokio-runtime-w pid=3138900 tid=3139439
1021498706872244 MGMT_ADMIN_CMD          comm=tokio-runtime-w pid=3139447 tid=3139704
1021498707793718 MGMT_ADMIN_CMD          comm=tokio-runtime-w pid=3139447 tid=3139705
1021498718972644 MGMT_ADMIN_CMD          comm=tokio-runtime-w pid=3139447 tid=3139705
1021498719220509 MGMT_ADMIN_CMD          comm=tokio-runtime-w pid=3139447 tid=3139708
1021498731094028 MGMT_ADMIN_CMD          comm=tokio-runtime-w pid=3139447 tid=3139708
1021498731535128 MGMT_ADMIN_CMD          comm=tokio-runtime-w pid=3139447 tid=3139709
1021498742605448 MGMT_ADMIN_CMD          comm=tokio-runtime-w pid=3139447 tid=3139709
1021498742892193 MGMT_ADMIN_CMD          comm=tokio-runtime-w pid=3139447 tid=3139704
1021498890900859 MGMT_ADMIN_CMD          comm=tokio-runtime-w pid=3139447 tid=3139708
1021498896630409 MGMT_ADMIN_CMD          comm=tokio-runtime-w pid=3139447 tid=3139708
1021498903361780 MGMT_ADMIN_CMD          comm=tokio-runtime-w pid=3139447 tid=3139708
1021498912856384 MGMT_ADMIN_CMD          comm=tokio-runtime-w pid=3139447 tid=3139708
1021499129273853 MGMT_ADMIN_CMD          comm=tokio-runtime-w pid=3139715 tid=3140101
1021499130102773 MGMT_ADMIN_CMD          comm=tokio-runtime-w pid=3139715 tid=3140103
1021499142337764 MGMT_ADMIN_CMD          comm=tokio-runtime-w pid=3139715 tid=3140103
1021499142671364 MGMT_ADMIN_CMD          comm=tokio-runtime-w pid=3139715 tid=3140102
1021499154114598 MGMT_ADMIN_CMD          comm=tokio-runtime-w pid=3139715 tid=3140102
1021499154538409 MGMT_ADMIN_CMD          comm=tokio-runtime-w pid=3139715 tid=3140104
1021499165152635 MGMT_ADMIN_CMD          comm=tokio-runtime-w pid=3139715 tid=3140104
1021499165615273 MGMT_ADMIN_CMD          comm=tokio-runtime-w pid=3139715 tid=3140106
1021499180154956 MGMT_ADMIN_CMD          comm=furiosa-smi pid=3139715 tid=3139715
1021499183761915 MGMT_ADMIN_CMD          comm=furiosa-smi pid=3139715 tid=3139715
1021499187389929 MGMT_ADMIN_CMD          comm=furiosa-smi pid=3139715 tid=3139715
1021499190995703 MGMT_ADMIN_CMD          comm=furiosa-smi pid=3139715 tid=3139715
1021499194638126 MGMT_ADMIN_CMD          comm=furiosa-smi pid=3139715 tid=3139715
1021499198263051 MGMT_ADMIN_CMD          comm=furiosa-smi pid=3139715 tid=3139715
1021499201865079 MGMT_ADMIN_CMD          comm=furiosa-smi pid=3139715 tid=3139715
1021499205450155 MGMT_ADMIN_CMD          comm=furiosa-smi pid=3139715 tid=3139715
1021499212421294 MGMT_ADMIN_CMD          comm=furiosa-smi pid=3139715 tid=3139715
1021499216022284 MGMT_ADMIN_CMD          comm=furiosa-smi pid=3139715 tid=3139715
1021499219597233 MGMT_ADMIN_CMD          comm=furiosa-smi pid=3139715 tid=3139715
1021499223227346 MGMT_ADMIN_CMD          comm=furiosa-smi pid=3139715 tid=3139715
1021499226809222 MGMT_ADMIN_CMD          comm=furiosa-smi pid=3139715 tid=3139715
1021499230375627 MGMT_ADMIN_CMD          comm=furiosa-smi pid=3139715 tid=3139715
1021499233939535 MGMT_ADMIN_CMD          comm=furiosa-smi pid=3139715 tid=3139715
1021499237556639 MGMT_ADMIN_CMD          comm=furiosa-smi pid=3139715 tid=3139715
1021499244505920 MGMT_ADMIN_CMD          comm=furiosa-smi pid=3139715 tid=3139715
1021499247979963 MGMT_ADMIN_CMD          comm=furiosa-smi pid=3139715 tid=3139715
1021499251464409 MGMT_ADMIN_CMD          comm=furiosa-smi pid=3139715 tid=3139715
1021499254957881 MGMT_ADMIN_CMD          comm=furiosa-smi pid=3139715 tid=3139715
1021499258431263 MGMT_ADMIN_CMD          comm=furiosa-smi pid=3139715 tid=3139715
1021499261886948 MGMT_ADMIN_CMD          comm=furiosa-smi pid=3139715 tid=3139715
1021499265345306 MGMT_ADMIN_CMD          comm=furiosa-smi pid=3139715 tid=3139715
1021499268806755 MGMT_ADMIN_CMD          comm=furiosa-smi pid=3139715 tid=3139715
1021499276374212 MGMT_ADMIN_CMD          comm=furiosa-smi pid=3139715 tid=3139715
1021499279957064 MGMT_ADMIN_CMD          comm=furiosa-smi pid=3139715 tid=3139715
1021499283519441 MGMT_ADMIN_CMD          comm=furiosa-smi pid=3139715 tid=3139715
1021499287087175 MGMT_ADMIN_CMD          comm=furiosa-smi pid=3139715 tid=3139715
1021499290671778 MGMT_ADMIN_CMD          comm=furiosa-smi pid=3139715 tid=3139715
1021499294311425 MGMT_ADMIN_CMD          comm=furiosa-smi pid=3139715 tid=3139715
1021499297916849 MGMT_ADMIN_CMD          comm=furiosa-smi pid=3139715 tid=3139715
1021499301459536 MGMT_ADMIN_CMD          comm=furiosa-smi pid=3139715 tid=3139715
1021500148921944 MGMT_ADMIN_CMD          comm=tokio-runtime-w pid=3140366 tid=3140623
1021500149923500 MGMT_ADMIN_CMD          comm=tokio-runtime-w pid=3140366 tid=3140624
1021500161646644 MGMT_ADMIN_CMD          comm=tokio-runtime-w pid=3140366 tid=3140624
1021500161843565 MGMT_ADMIN_CMD          comm=tokio-runtime-w pid=3140366 tid=3140627
1021500173250996 MGMT_ADMIN_CMD          comm=tokio-runtime-w pid=3140366 tid=3140627
1021500173544206 MGMT_ADMIN_CMD          comm=tokio-runtime-w pid=3140366 tid=3140625
1021500184587162 MGMT_ADMIN_CMD          comm=tokio-runtime-w pid=3140366 tid=3140625
1021500184808739 MGMT_ADMIN_CMD          comm=tokio-runtime-w pid=3140366 tid=3140628
1021500321135231 MGMT_ADMIN_CMD          comm=tokio-runtime-w pid=3140366 tid=3140627
1021500326782750 MGMT_ADMIN_CMD          comm=tokio-runtime-w pid=3140366 tid=3140627
1021500332086896 MGMT_ADMIN_CMD          comm=tokio-runtime-w pid=3140366 tid=3140627
1021500337289035 MGMT_ADMIN_CMD          comm=tokio-runtime-w pid=3140366 tid=3140627
1021500512685906 IOCTL dmar cmd=0xc0004e06  comm=viztracer pid=3130031 tid=3136674
1021500512804153 IOCTL dmar cmd=0xc0004e06  comm=viztracer pid=3130031 tid=3136940
1021500513245646 IOCTL dmar cmd=0xc0004e06  comm=viztracer pid=3130031 tid=3136936
1021500513544788 IOCTL dmar cmd=0xc0004e06  comm=viztracer pid=3130031 tid=3137029
1021500513757093 IOCTL dmar cmd=0xc0004e06  comm=viztracer pid=3130031 tid=3137219
1021500514105046 IOCTL dmar cmd=0xc0004e06  comm=viztracer pid=3130031 tid=3136944
1021500514579131 IOCTL dmar cmd=0xc0004e06  comm=viztracer pid=3130031 tid=3137215
1021500514746149 IOCTL dmar cmd=0xc0004e06  comm=viztracer pid=3130031 tid=3137223
1021500541208978 MGMT_ADMIN_CMD          comm=tokio-runtime-w pid=3140629 tid=3140886
1021500541674011 MGMT_ADMIN_CMD          comm=tokio-runtime-w pid=3140629 tid=3140887
1021500552679024 MGMT_ADMIN_CMD          comm=tokio-runtime-w pid=3140629 tid=3140887
1021500552839786 MGMT_ADMIN_CMD          comm=tokio-runtime-w pid=3140629 tid=3140891
1021500563648040 MGMT_ADMIN_CMD          comm=tokio-runtime-w pid=3140629 tid=3140891
1021500563723908 MGMT_ADMIN_CMD          comm=tokio-runtime-w pid=3140629 tid=3140886
1021500574899403 MGMT_ADMIN_CMD          comm=tokio-runtime-w pid=3140629 tid=3140886
1021500574947380 MGMT_ADMIN_CMD          comm=tokio-runtime-w pid=3140629 tid=3140891
1021500590595120 MGMT_ADMIN_CMD          comm=furiosa-smi pid=3140629 tid=3140629
1021500594276870 MGMT_ADMIN_CMD          comm=furiosa-smi pid=3140629 tid=3140629
1021500597961635 MGMT_ADMIN_CMD          comm=furiosa-smi pid=3140629 tid=3140629
1021500601688856 MGMT_ADMIN_CMD          comm=furiosa-smi pid=3140629 tid=3140629
1021500605373660 MGMT_ADMIN_CMD          comm=furiosa-smi pid=3140629 tid=3140629
1021500609056839 MGMT_ADMIN_CMD          comm=furiosa-smi pid=3140629 tid=3140629
1021500612728125 MGMT_ADMIN_CMD          comm=furiosa-smi pid=3140629 tid=3140629
1021500616454723 MGMT_ADMIN_CMD          comm=furiosa-smi pid=3140629 tid=3140629
1021500625283863 MGMT_ADMIN_CMD          comm=furiosa-smi pid=3140629 tid=3140629
1021500628994473 MGMT_ADMIN_CMD          comm=furiosa-smi pid=3140629 tid=3140629
1021500632695464 MGMT_ADMIN_CMD          comm=furiosa-smi pid=3140629 tid=3140629
1021500636402769 MGMT_ADMIN_CMD          comm=furiosa-smi pid=3140629 tid=3140629
1021500640135022 MGMT_ADMIN_CMD          comm=furiosa-smi pid=3140629 tid=3140629
1021500643860769 MGMT_ADMIN_CMD          comm=furiosa-smi pid=3140629 tid=3140629
1021500647549435 MGMT_ADMIN_CMD          comm=furiosa-smi pid=3140629 tid=3140629
1021500651262988 MGMT_ADMIN_CMD          comm=furiosa-smi pid=3140629 tid=3140629
1021500661148508 MGMT_ADMIN_CMD          comm=furiosa-smi pid=3140629 tid=3140629
1021500664854075 MGMT_ADMIN_CMD          comm=furiosa-smi pid=3140629 tid=3140629
1021500668551968 MGMT_ADMIN_CMD          comm=furiosa-smi pid=3140629 tid=3140629
1021500672238434 MGMT_ADMIN_CMD          comm=furiosa-smi pid=3140629 tid=3140629
1021500675928511 MGMT_ADMIN_CMD          comm=furiosa-smi pid=3140629 tid=3140629
1021500679617095 MGMT_ADMIN_CMD          comm=furiosa-smi pid=3140629 tid=3140629
1021500683310137 MGMT_ADMIN_CMD          comm=furiosa-smi pid=3140629 tid=3140629
1021500687058511 MGMT_ADMIN_CMD          comm=furiosa-smi pid=3140629 tid=3140629
1021500696752569 MGMT_ADMIN_CMD          comm=furiosa-smi pid=3140629 tid=3140629
1021500700463970 MGMT_ADMIN_CMD          comm=furiosa-smi pid=3140629 tid=3140629
1021500704192925 MGMT_ADMIN_CMD          comm=furiosa-smi pid=3140629 tid=3140629
1021500707899530 MGMT_ADMIN_CMD          comm=furiosa-smi pid=3140629 tid=3140629
1021500711589355 MGMT_ADMIN_CMD          comm=furiosa-smi pid=3140629 tid=3140629
1021500715321498 MGMT_ADMIN_CMD          comm=furiosa-smi pid=3140629 tid=3140629
1021500719059942 MGMT_ADMIN_CMD          comm=furiosa-smi pid=3140629 tid=3140629
1021500722761725 MGMT_ADMIN_CMD          comm=furiosa-smi pid=3140629 tid=3140629
---- KTRACE heartbeat nsec=1021501255026769 ----
1021501563726994 MGMT_ADMIN_CMD          comm=tokio-runtime-w pid=3141150 tid=3141407
1021501564482901 MGMT_ADMIN_CMD          comm=tokio-runtime-w pid=3141150 tid=3141408
1021501576893221 MGMT_ADMIN_CMD          comm=tokio-runtime-w pid=3141150 tid=3141410
1021501577693901 MGMT_ADMIN_CMD          comm=tokio-runtime-w pid=3141150 tid=3141407
1021501588392252 MGMT_ADMIN_CMD          comm=tokio-runtime-w pid=3141150 tid=3141407
1021501588846210 MGMT_ADMIN_CMD          comm=tokio-runtime-w pid=3141150 tid=3141412
1021501600126776 MGMT_ADMIN_CMD          comm=tokio-runtime-w pid=3141150 tid=3141412
1021501600559942 MGMT_ADMIN_CMD          comm=tokio-runtime-w pid=3141150 tid=3141410
1021501748380485 MGMT_ADMIN_CMD          comm=tokio-runtime-w pid=3141150 tid=3141407
1021501756280031 MGMT_ADMIN_CMD          comm=tokio-runtime-w pid=3141150 tid=3141407
1021501762355498 MGMT_ADMIN_CMD          comm=tokio-runtime-w pid=3141150 tid=3141412
1021501769038718 MGMT_ADMIN_CMD          comm=tokio-runtime-w pid=3141150 tid=3141412
1021501978447134 MGMT_ADMIN_CMD          comm=tokio-runtime-w pid=3141417 tid=3141686
1021501979153390 MGMT_ADMIN_CMD          comm=tokio-runtime-w pid=3141417 tid=3141687
1021501991031816 MGMT_ADMIN_CMD          comm=tokio-runtime-w pid=3141417 tid=3141688
1021501991750876 MGMT_ADMIN_CMD          comm=tokio-runtime-w pid=3141417 tid=3141687
1021502001743165 MGMT_ADMIN_CMD          comm=tokio-runtime-w pid=3141417 tid=3141687
1021502002083821 MGMT_ADMIN_CMD          comm=tokio-runtime-w pid=3141417 tid=3141689
1021502013527240 MGMT_ADMIN_CMD          comm=tokio-runtime-w pid=3141417 tid=3141689
1021502013879551 MGMT_ADMIN_CMD          comm=tokio-runtime-w pid=3141417 tid=3141688
1021502029975657 MGMT_ADMIN_CMD          comm=furiosa-smi pid=3141417 tid=3141417
1021502033675873 MGMT_ADMIN_CMD          comm=furiosa-smi pid=3141417 tid=3141417
1021502037400137 MGMT_ADMIN_CMD          comm=furiosa-smi pid=3141417 tid=3141417
1021502041085844 MGMT_ADMIN_CMD          comm=furiosa-smi pid=3141417 tid=3141417
1021502044754426 MGMT_ADMIN_CMD          comm=furiosa-smi pid=3141417 tid=3141417
1021502048500560 MGMT_ADMIN_CMD          comm=furiosa-smi pid=3141417 tid=3141417
1021502052191234 MGMT_ADMIN_CMD          comm=furiosa-smi pid=3141417 tid=3141417
1021502055899920 MGMT_ADMIN_CMD          comm=furiosa-smi pid=3141417 tid=3141417
1021502065828395 MGMT_ADMIN_CMD          comm=furiosa-smi pid=3141417 tid=3141417
1021502069604220 MGMT_ADMIN_CMD          comm=furiosa-smi pid=3141417 tid=3141417
1021502073322896 MGMT_ADMIN_CMD          comm=furiosa-smi pid=3141417 tid=3141417
1021502077028985 MGMT_ADMIN_CMD          comm=furiosa-smi pid=3141417 tid=3141417
1021502080761076 MGMT_ADMIN_CMD          comm=furiosa-smi pid=3141417 tid=3141417
1021502084448375 MGMT_ADMIN_CMD          comm=furiosa-smi pid=3141417 tid=3141417
1021502088138621 MGMT_ADMIN_CMD          comm=furiosa-smi pid=3141417 tid=3141417
1021502091891403 MGMT_ADMIN_CMD          comm=furiosa-smi pid=3141417 tid=3141417
1021502101701176 MGMT_ADMIN_CMD          comm=furiosa-smi pid=3141417 tid=3141417
1021502105418715 MGMT_ADMIN_CMD          comm=furiosa-smi pid=3141417 tid=3141417
1021502109137244 MGMT_ADMIN_CMD          comm=furiosa-smi pid=3141417 tid=3141417
1021502112848171 MGMT_ADMIN_CMD          comm=furiosa-smi pid=3141417 tid=3141417
1021502116554738 MGMT_ADMIN_CMD          comm=furiosa-smi pid=3141417 tid=3141417
1021502120266813 MGMT_ADMIN_CMD          comm=furiosa-smi pid=3141417 tid=3141417
1021502124036669 MGMT_ADMIN_CMD          comm=furiosa-smi pid=3141417 tid=3141417
1021502127808816 MGMT_ADMIN_CMD          comm=furiosa-smi pid=3141417 tid=3141417
1021502137848065 MGMT_ADMIN_CMD          comm=furiosa-smi pid=3141417 tid=3141417
1021502141561299 MGMT_ADMIN_CMD          comm=furiosa-smi pid=3141417 tid=3141417
1021502145305407 MGMT_ADMIN_CMD          comm=furiosa-smi pid=3141417 tid=3141417
1021502149072969 MGMT_ADMIN_CMD          comm=furiosa-smi pid=3141417 tid=3141417
1021502152764036 MGMT_ADMIN_CMD          comm=furiosa-smi pid=3141417 tid=3141417
1021502156474211 MGMT_ADMIN_CMD          comm=furiosa-smi pid=3141417 tid=3141417
1021502160270990 MGMT_ADMIN_CMD          comm=furiosa-smi pid=3141417 tid=3141417
1021502163975442 MGMT_ADMIN_CMD          comm=furiosa-smi pid=3141417 tid=3141417
1021502985340806 MGMT_ADMIN_CMD          comm=tokio-runtime-w pid=3141960 tid=3142234
1021502986508501 MGMT_ADMIN_CMD          comm=tokio-runtime-w pid=3141960 tid=3142235
1021502998090295 MGMT_ADMIN_CMD          comm=tokio-runtime-w pid=3141960 tid=3142235
1021502998271000 MGMT_ADMIN_CMD          comm=tokio-runtime-w pid=3141960 tid=3142239
1021503009830387 MGMT_ADMIN_CMD          comm=tokio-runtime-w pid=3141960 tid=3142239
1021503010250377 MGMT_ADMIN_CMD          comm=tokio-runtime-w pid=3141960 tid=3142238
1021503021559023 MGMT_ADMIN_CMD          comm=tokio-runtime-w pid=3141960 tid=3142238
1021503022249596 MGMT_ADMIN_CMD          comm=tokio-runtime-w pid=3141960 tid=3142237
1021503168865241 MGMT_ADMIN_CMD          comm=tokio-runtime-w pid=3141960 tid=3142235
1021503177177289 MGMT_ADMIN_CMD          comm=tokio-runtime-w pid=3141960 tid=3142235
1021503184240552 MGMT_ADMIN_CMD          comm=tokio-runtime-w pid=3141960 tid=3142235
1021503191204839 MGMT_ADMIN_CMD          comm=tokio-runtime-w pid=3141960 tid=3142235
1021503415095207 MGMT_ADMIN_CMD          comm=tokio-runtime-w pid=3142240 tid=3142501
1021503416066941 MGMT_ADMIN_CMD          comm=tokio-runtime-w pid=3142240 tid=3142502
1021503426194198 MGMT_ADMIN_CMD          comm=tokio-runtime-w pid=3142240 tid=3142505
1021503426799869 MGMT_ADMIN_CMD          comm=tokio-runtime-w pid=3142240 tid=3142501
1021503437649965 MGMT_ADMIN_CMD          comm=tokio-runtime-w pid=3142240 tid=3142501
1021503438205281 MGMT_ADMIN_CMD          comm=tokio-runtime-w pid=3142240 tid=3142504
1021503449253178 MGMT_ADMIN_CMD          comm=tokio-runtime-w pid=3142240 tid=3142504
1021503449549953 MGMT_ADMIN_CMD          comm=tokio-runtime-w pid=3142240 tid=3142502
1021503465717505 MGMT_ADMIN_CMD          comm=furiosa-smi pid=3142240 tid=3142240
1021503469506016 MGMT_ADMIN_CMD          comm=furiosa-smi pid=3142240 tid=3142240
1021503473212732 MGMT_ADMIN_CMD          comm=furiosa-smi pid=3142240 tid=3142240
1021503476895905 MGMT_ADMIN_CMD          comm=furiosa-smi pid=3142240 tid=3142240
1021503480604062 MGMT_ADMIN_CMD          comm=furiosa-smi pid=3142240 tid=3142240
1021503484333986 MGMT_ADMIN_CMD          comm=furiosa-smi pid=3142240 tid=3142240
1021503488060741 MGMT_ADMIN_CMD          comm=furiosa-smi pid=3142240 tid=3142240
1021503491790376 MGMT_ADMIN_CMD          comm=furiosa-smi pid=3142240 tid=3142240
1021503501542998 MGMT_ADMIN_CMD          comm=furiosa-smi pid=3142240 tid=3142240
1021503505234616 MGMT_ADMIN_CMD          comm=furiosa-smi pid=3142240 tid=3142240
1021503508950768 MGMT_ADMIN_CMD          comm=furiosa-smi pid=3142240 tid=3142240
1021503512699041 MGMT_ADMIN_CMD          comm=furiosa-smi pid=3142240 tid=3142240
1021503516409243 MGMT_ADMIN_CMD          comm=furiosa-smi pid=3142240 tid=3142240
1021503520141024 MGMT_ADMIN_CMD          comm=furiosa-smi pid=3142240 tid=3142240
1021503523827311 MGMT_ADMIN_CMD          comm=furiosa-smi pid=3142240 tid=3142240
1021503527538559 MGMT_ADMIN_CMD          comm=furiosa-smi pid=3142240 tid=3142240
1021503538508582 MGMT_ADMIN_CMD          comm=furiosa-smi pid=3142240 tid=3142240
1021503542223596 MGMT_ADMIN_CMD          comm=furiosa-smi pid=3142240 tid=3142240
1021503545952298 MGMT_ADMIN_CMD          comm=furiosa-smi pid=3142240 tid=3142240
1021503549643603 MGMT_ADMIN_CMD          comm=furiosa-smi pid=3142240 tid=3142240
1021503553329365 MGMT_ADMIN_CMD          comm=furiosa-smi pid=3142240 tid=3142240
1021503557032892 MGMT_ADMIN_CMD          comm=furiosa-smi pid=3142240 tid=3142240
1021503560769826 MGMT_ADMIN_CMD          comm=furiosa-smi pid=3142240 tid=3142240
1021503564460732 MGMT_ADMIN_CMD          comm=furiosa-smi pid=3142240 tid=3142240
1021503574664662 MGMT_ADMIN_CMD          comm=furiosa-smi pid=3142240 tid=3142240
1021503578359133 MGMT_ADMIN_CMD          comm=furiosa-smi pid=3142240 tid=3142240
1021503582140591 MGMT_ADMIN_CMD          comm=furiosa-smi pid=3142240 tid=3142240
1021503585870530 MGMT_ADMIN_CMD          comm=furiosa-smi pid=3142240 tid=3142240
1021503589559175 MGMT_ADMIN_CMD          comm=furiosa-smi pid=3142240 tid=3142240
1021503593245767 MGMT_ADMIN_CMD          comm=furiosa-smi pid=3142240 tid=3142240
1021503596979177 MGMT_ADMIN_CMD          comm=furiosa-smi pid=3142240 tid=3142240
1021503600714032 MGMT_ADMIN_CMD          comm=furiosa-smi pid=3142240 tid=3142240
1021504436295253 MGMT_ADMIN_CMD          comm=tokio-runtime-w pid=3142766 tid=3143023
1021504437405898 MGMT_ADMIN_CMD          comm=tokio-runtime-w pid=3142766 tid=3143024
1021504449116438 MGMT_ADMIN_CMD          comm=tokio-runtime-w pid=3142766 tid=3143024
1021504449678347 MGMT_ADMIN_CMD          comm=tokio-runtime-w pid=3142766 tid=3143025
1021504460648464 MGMT_ADMIN_CMD          comm=tokio-runtime-w pid=3142766 tid=3143025
1021504461027698 MGMT_ADMIN_CMD          comm=tokio-runtime-w pid=3142766 tid=3143023
1021504472135111 MGMT_ADMIN_CMD          comm=tokio-runtime-w pid=3142766 tid=3143023
1021504472454993 MGMT_ADMIN_CMD          comm=tokio-runtime-w pid=3142766 tid=3143024
1021504619287148 MGMT_ADMIN_CMD          comm=tokio-runtime-w pid=3142766 tid=3143025
1021504626222584 MGMT_ADMIN_CMD          comm=tokio-runtime-w pid=3142766 tid=3143025
1021504632917434 MGMT_ADMIN_CMD          comm=tokio-runtime-w pid=3142766 tid=3143025
1021504639923231 MGMT_ADMIN_CMD          comm=tokio-runtime-w pid=3142766 tid=3143025
1021504865555722 MGMT_ADMIN_CMD          comm=tokio-runtime-w pid=3143029 tid=3143286
1021504866198599 MGMT_ADMIN_CMD          comm=tokio-runtime-w pid=3143029 tid=3143287
1021504877986429 MGMT_ADMIN_CMD          comm=tokio-runtime-w pid=3143029 tid=3143287
1021504878167554 MGMT_ADMIN_CMD          comm=tokio-runtime-w pid=3143029 tid=3143290
1021504889870603 MGMT_ADMIN_CMD          comm=tokio-runtime-w pid=3143029 tid=3143290
1021504890461939 MGMT_ADMIN_CMD          comm=tokio-runtime-w pid=3143029 tid=3143289
1021504901455170 MGMT_ADMIN_CMD          comm=tokio-runtime-w pid=3143029 tid=3143289
1021504902092900 MGMT_ADMIN_CMD          comm=tokio-runtime-w pid=3143029 tid=3143288
1021504918259434 MGMT_ADMIN_CMD          comm=furiosa-smi pid=3143029 tid=3143029
1021504921944925 MGMT_ADMIN_CMD          comm=furiosa-smi pid=3143029 tid=3143029
1021504925611443 MGMT_ADMIN_CMD          comm=furiosa-smi pid=3143029 tid=3143029
1021504929297149 MGMT_ADMIN_CMD          comm=furiosa-smi pid=3143029 tid=3143029
1021504932968781 MGMT_ADMIN_CMD          comm=furiosa-smi pid=3143029 tid=3143029
1021504936674403 MGMT_ADMIN_CMD          comm=furiosa-smi pid=3143029 tid=3143029
1021504940425280 MGMT_ADMIN_CMD          comm=furiosa-smi pid=3143029 tid=3143029
1021504944117054 MGMT_ADMIN_CMD          comm=furiosa-smi pid=3143029 tid=3143029
1021504954965782 MGMT_ADMIN_CMD          comm=furiosa-smi pid=3143029 tid=3143029
1021504958788156 MGMT_ADMIN_CMD          comm=furiosa-smi pid=3143029 tid=3143029
1021504962493076 MGMT_ADMIN_CMD          comm=furiosa-smi pid=3143029 tid=3143029
1021504966201196 MGMT_ADMIN_CMD          comm=furiosa-smi pid=3143029 tid=3143029
1021504969928722 MGMT_ADMIN_CMD          comm=furiosa-smi pid=3143029 tid=3143029
1021504973798706 MGMT_ADMIN_CMD          comm=furiosa-smi pid=3143029 tid=3143029
1021504977525506 MGMT_ADMIN_CMD          comm=furiosa-smi pid=3143029 tid=3143029
1021504981230417 MGMT_ADMIN_CMD          comm=furiosa-smi pid=3143029 tid=3143029
1021504991673917 MGMT_ADMIN_CMD          comm=furiosa-smi pid=3143029 tid=3143029
1021504995378078 MGMT_ADMIN_CMD          comm=furiosa-smi pid=3143029 tid=3143029
1021504999111550 MGMT_ADMIN_CMD          comm=furiosa-smi pid=3143029 tid=3143029
1021505002820922 MGMT_ADMIN_CMD          comm=furiosa-smi pid=3143029 tid=3143029
1021505006513326 MGMT_ADMIN_CMD          comm=furiosa-smi pid=3143029 tid=3143029
1021505010260936 MGMT_ADMIN_CMD          comm=furiosa-smi pid=3143029 tid=3143029
1021505014026244 MGMT_ADMIN_CMD          comm=furiosa-smi pid=3143029 tid=3143029
1021505017738798 MGMT_ADMIN_CMD          comm=furiosa-smi pid=3143029 tid=3143029
1021505027523350 MGMT_ADMIN_CMD          comm=furiosa-smi pid=3143029 tid=3143029
1021505031226538 MGMT_ADMIN_CMD          comm=furiosa-smi pid=3143029 tid=3143029
1021505034927456 MGMT_ADMIN_CMD          comm=furiosa-smi pid=3143029 tid=3143029
1021505038656945 MGMT_ADMIN_CMD          comm=furiosa-smi pid=3143029 tid=3143029
1021505042363262 MGMT_ADMIN_CMD          comm=furiosa-smi pid=3143029 tid=3143029
1021505046133729 MGMT_ADMIN_CMD          comm=furiosa-smi pid=3143029 tid=3143029
1021505049827295 MGMT_ADMIN_CMD          comm=furiosa-smi pid=3143029 tid=3143029
1021505053511877 MGMT_ADMIN_CMD          comm=furiosa-smi pid=3143029 tid=3143029
1021505887469859 MGMT_ADMIN_CMD          comm=tokio-runtime-w pid=3143557 tid=3143821
1021505889608859 MGMT_ADMIN_CMD          comm=tokio-runtime-w pid=3143557 tid=3143822
1021505900192869 MGMT_ADMIN_CMD          comm=tokio-runtime-w pid=3143557 tid=3143822
1021505900573816 MGMT_ADMIN_CMD          comm=tokio-runtime-w pid=3143557 tid=3143825
1021505912214519 MGMT_ADMIN_CMD          comm=tokio-runtime-w pid=3143557 tid=3143825
1021505912923956 MGMT_ADMIN_CMD          comm=tokio-runtime-w pid=3143557 tid=3143823
1021505924188600 MGMT_ADMIN_CMD          comm=tokio-runtime-w pid=3143557 tid=3143823
1021505924294687 MGMT_ADMIN_CMD          comm=tokio-runtime-w pid=3143557 tid=3143821
1021506069054436 MGMT_ADMIN_CMD          comm=tokio-runtime-w pid=3143557 tid=3143825
1021506076575005 MGMT_ADMIN_CMD          comm=tokio-runtime-w pid=3143557 tid=3143825
1021506083266166 MGMT_ADMIN_CMD          comm=tokio-runtime-w pid=3143557 tid=3143825
1021506090946457 MGMT_ADMIN_CMD          comm=tokio-runtime-w pid=3143557 tid=3143825
---- KTRACE heartbeat nsec=1021506258029748 ----
1021506318567724 MGMT_ADMIN_CMD          comm=tokio-runtime-w pid=3143827 tid=3144084
1021506319302964 MGMT_ADMIN_CMD          comm=tokio-runtime-w pid=3143827 tid=3144085
1021506331208951 MGMT_ADMIN_CMD          comm=tokio-runtime-w pid=3143827 tid=3144086
1021506331977791 MGMT_ADMIN_CMD          comm=tokio-runtime-w pid=3143827 tid=3144085
1021506342970480 MGMT_ADMIN_CMD          comm=tokio-runtime-w pid=3143827 tid=3144085
1021506343189662 MGMT_ADMIN_CMD          comm=tokio-runtime-w pid=3143827 tid=3144089
1021506354825321 MGMT_ADMIN_CMD          comm=tokio-runtime-w pid=3143827 tid=3144089
1021506355260697 MGMT_ADMIN_CMD          comm=tokio-runtime-w pid=3143827 tid=3144084
1021506371941318 MGMT_ADMIN_CMD          comm=furiosa-smi pid=3143827 tid=3143827
1021506375625947 MGMT_ADMIN_CMD          comm=furiosa-smi pid=3143827 tid=3143827
1021506379404325 MGMT_ADMIN_CMD          comm=furiosa-smi pid=3143827 tid=3143827
1021506383071688 MGMT_ADMIN_CMD          comm=furiosa-smi pid=3143827 tid=3143827
1021506386742130 MGMT_ADMIN_CMD          comm=furiosa-smi pid=3143827 tid=3143827
1021506390550961 MGMT_ADMIN_CMD          comm=furiosa-smi pid=3143827 tid=3143827
1021506394242381 MGMT_ADMIN_CMD          comm=furiosa-smi pid=3143827 tid=3143827
1021506397933065 MGMT_ADMIN_CMD          comm=furiosa-smi pid=3143827 tid=3143827
1021506407459869 MGMT_ADMIN_CMD          comm=furiosa-smi pid=3143827 tid=3143827
1021506411199843 MGMT_ADMIN_CMD          comm=furiosa-smi pid=3143827 tid=3143827
1021506414960403 MGMT_ADMIN_CMD          comm=furiosa-smi pid=3143827 tid=3143827
1021506418710756 MGMT_ADMIN_CMD          comm=furiosa-smi pid=3143827 tid=3143827
1021506422477512 MGMT_ADMIN_CMD          comm=furiosa-smi pid=3143827 tid=3143827
1021506426170174 MGMT_ADMIN_CMD          comm=furiosa-smi pid=3143827 tid=3143827
1021506429923507 MGMT_ADMIN_CMD          comm=furiosa-smi pid=3143827 tid=3143827
1021506433674007 MGMT_ADMIN_CMD          comm=furiosa-smi pid=3143827 tid=3143827
1021506443801822 MGMT_ADMIN_CMD          comm=furiosa-smi pid=3143827 tid=3143827
1021506447523984 MGMT_ADMIN_CMD          comm=furiosa-smi pid=3143827 tid=3143827
1021506451206212 MGMT_ADMIN_CMD          comm=furiosa-smi pid=3143827 tid=3143827
1021506454956457 MGMT_ADMIN_CMD          comm=furiosa-smi pid=3143827 tid=3143827
1021506458663420 MGMT_ADMIN_CMD          comm=furiosa-smi pid=3143827 tid=3143827
1021506462373801 MGMT_ADMIN_CMD          comm=furiosa-smi pid=3143827 tid=3143827
1021506466105804 MGMT_ADMIN_CMD          comm=furiosa-smi pid=3143827 tid=3143827
1021506469812690 MGMT_ADMIN_CMD          comm=furiosa-smi pid=3143827 tid=3143827
1021506479459151 MGMT_ADMIN_CMD          comm=furiosa-smi pid=3143827 tid=3143827
1021506483158596 MGMT_ADMIN_CMD          comm=furiosa-smi pid=3143827 tid=3143827
1021506486901365 MGMT_ADMIN_CMD          comm=furiosa-smi pid=3143827 tid=3143827
1021506490588495 MGMT_ADMIN_CMD          comm=furiosa-smi pid=3143827 tid=3143827
1021506494321011 MGMT_ADMIN_CMD          comm=furiosa-smi pid=3143827 tid=3143827
1021506498114210 MGMT_ADMIN_CMD          comm=furiosa-smi pid=3143827 tid=3143827
1021506501823421 MGMT_ADMIN_CMD          comm=furiosa-smi pid=3143827 tid=3143827
1021506505532631 MGMT_ADMIN_CMD          comm=furiosa-smi pid=3143827 tid=3143827
1021507331831942 MGMT_ADMIN_CMD          comm=tokio-runtime-w pid=3144364 tid=3144625
1021507332633017 MGMT_ADMIN_CMD          comm=tokio-runtime-w pid=3144364 tid=3144626
1021507343494032 MGMT_ADMIN_CMD          comm=tokio-runtime-w pid=3144364 tid=3144626
1021507343822636 MGMT_ADMIN_CMD          comm=tokio-runtime-w pid=3144364 tid=3144629
1021507355453802 MGMT_ADMIN_CMD          comm=tokio-runtime-w pid=3144364 tid=3144629
1021507355635958 MGMT_ADMIN_CMD          comm=tokio-runtime-w pid=3144364 tid=3144627
1021507367074062 MGMT_ADMIN_CMD          comm=tokio-runtime-w pid=3144364 tid=3144627
1021507367521068 MGMT_ADMIN_CMD          comm=tokio-runtime-w pid=3144364 tid=3144626
1021507514349867 MGMT_ADMIN_CMD          comm=tokio-runtime-w pid=3144364 tid=3144628
1021507522233979 MGMT_ADMIN_CMD          comm=tokio-runtime-w pid=3144364 tid=3144628
1021507528723169 MGMT_ADMIN_CMD          comm=tokio-runtime-w pid=3144364 tid=3144628
1021507536264012 MGMT_ADMIN_CMD          comm=tokio-runtime-w pid=3144364 tid=3144628
1021507750399332 MGMT_ADMIN_CMD          comm=tokio-runtime-w pid=3144638 tid=3144895
1021507750966587 MGMT_ADMIN_CMD          comm=tokio-runtime-w pid=3144638 tid=3144896
1021507762179616 MGMT_ADMIN_CMD          comm=tokio-runtime-w pid=3144638 tid=3144898
1021507763070453 MGMT_ADMIN_CMD          comm=tokio-runtime-w pid=3144638 tid=3144897
1021507773871030 MGMT_ADMIN_CMD          comm=tokio-runtime-w pid=3144638 tid=3144899
1021507774728653 MGMT_ADMIN_CMD          comm=tokio-runtime-w pid=3144638 tid=3144896
1021507785861083 MGMT_ADMIN_CMD          comm=tokio-runtime-w pid=3144638 tid=3144896
1021507786305338 MGMT_ADMIN_CMD          comm=tokio-runtime-w pid=3144638 tid=3144897
1021507802842353 MGMT_ADMIN_CMD          comm=furiosa-smi pid=3144638 tid=3144638
1021507806662339 MGMT_ADMIN_CMD          comm=furiosa-smi pid=3144638 tid=3144638
1021507810465102 MGMT_ADMIN_CMD          comm=furiosa-smi pid=3144638 tid=3144638
1021507814153804 MGMT_ADMIN_CMD          comm=furiosa-smi pid=3144638 tid=3144638
1021507817842235 MGMT_ADMIN_CMD          comm=furiosa-smi pid=3144638 tid=3144638
1021507821632349 MGMT_ADMIN_CMD          comm=furiosa-smi pid=3144638 tid=3144638
1021507825446000 MGMT_ADMIN_CMD          comm=furiosa-smi pid=3144638 tid=3144638
1021507829177587 MGMT_ADMIN_CMD          comm=furiosa-smi pid=3144638 tid=3144638
1021507838894812 MGMT_ADMIN_CMD          comm=furiosa-smi pid=3144638 tid=3144638
1021507842690885 MGMT_ADMIN_CMD          comm=furiosa-smi pid=3144638 tid=3144638
1021507846449336 MGMT_ADMIN_CMD          comm=furiosa-smi pid=3144638 tid=3144638
1021507850133212 MGMT_ADMIN_CMD          comm=furiosa-smi pid=3144638 tid=3144638
1021507853841990 MGMT_ADMIN_CMD          comm=furiosa-smi pid=3144638 tid=3144638
1021507857550864 MGMT_ADMIN_CMD          comm=furiosa-smi pid=3144638 tid=3144638
1021507861264867 MGMT_ADMIN_CMD          comm=furiosa-smi pid=3144638 tid=3144638
1021507864971252 MGMT_ADMIN_CMD          comm=furiosa-smi pid=3144638 tid=3144638
1021507874912622 MGMT_ADMIN_CMD          comm=furiosa-smi pid=3144638 tid=3144638
1021507878605057 MGMT_ADMIN_CMD          comm=furiosa-smi pid=3144638 tid=3144638
1021507882307013 MGMT_ADMIN_CMD          comm=furiosa-smi pid=3144638 tid=3144638
1021507886047503 MGMT_ADMIN_CMD          comm=furiosa-smi pid=3144638 tid=3144638
1021507889726722 MGMT_ADMIN_CMD          comm=furiosa-smi pid=3144638 tid=3144638
1021507893476538 MGMT_ADMIN_CMD          comm=furiosa-smi pid=3144638 tid=3144638
1021507897218847 MGMT_ADMIN_CMD          comm=furiosa-smi pid=3144638 tid=3144638
1021507900889991 MGMT_ADMIN_CMD          comm=furiosa-smi pid=3144638 tid=3144638
1021507909926903 MGMT_ADMIN_CMD          comm=furiosa-smi pid=3144638 tid=3144638
1021507913550848 MGMT_ADMIN_CMD          comm=furiosa-smi pid=3144638 tid=3144638
1021507917210820 MGMT_ADMIN_CMD          comm=furiosa-smi pid=3144638 tid=3144638
1021507920995132 MGMT_ADMIN_CMD          comm=furiosa-smi pid=3144638 tid=3144638
1021507924801342 MGMT_ADMIN_CMD          comm=furiosa-smi pid=3144638 tid=3144638
1021507928590382 MGMT_ADMIN_CMD          comm=furiosa-smi pid=3144638 tid=3144638
1021507932548464 MGMT_ADMIN_CMD          comm=furiosa-smi pid=3144638 tid=3144638
1021507936137567 MGMT_ADMIN_CMD          comm=furiosa-smi pid=3144638 tid=3144638
1021508108206055 MGMT_ADMIN_CMD          comm=tokio-runtime-w pid=3144919 tid=3145447
1021508108829400 MGMT_ADMIN_CMD          comm=tokio-runtime-w pid=3144919 tid=3145448
1021508120587838 MGMT_ADMIN_CMD          comm=tokio-runtime-w pid=3144919 tid=3145451
1021508121386890 MGMT_ADMIN_CMD          comm=tokio-runtime-w pid=3144919 tid=3145450
1021508132640975 MGMT_ADMIN_CMD          comm=tokio-runtime-w pid=3144919 tid=3145450
1021508132864359 MGMT_ADMIN_CMD          comm=tokio-runtime-w pid=3144919 tid=3145448
1021508144589725 MGMT_ADMIN_CMD          comm=tokio-runtime-w pid=3144919 tid=3145448
1021508145430023 MGMT_ADMIN_CMD          comm=tokio-runtime-w pid=3144919 tid=3145447
1021508292469825 MGMT_ADMIN_CMD          comm=tokio-runtime-w pid=3144919 tid=3145450
1021508300044581 MGMT_ADMIN_CMD          comm=tokio-runtime-w pid=3144919 tid=3145450
1021508307510736 MGMT_ADMIN_CMD          comm=tokio-runtime-w pid=3144919 tid=3145450
1021508314739817 MGMT_ADMIN_CMD          comm=tokio-runtime-w pid=3144919 tid=3145450
1021508733075695 MGMT_ADMIN_CMD          comm=tokio-runtime-w pid=3145459 tid=3145716
1021508733860167 MGMT_ADMIN_CMD          comm=tokio-runtime-w pid=3145459 tid=3145717
1021508745744103 MGMT_ADMIN_CMD          comm=tokio-runtime-w pid=3145459 tid=3145717
1021508746152966 MGMT_ADMIN_CMD          comm=tokio-runtime-w pid=3145459 tid=3145718
1021508757467946 MGMT_ADMIN_CMD          comm=tokio-runtime-w pid=3145459 tid=3145718
1021508758063838 MGMT_ADMIN_CMD          comm=tokio-runtime-w pid=3145459 tid=3145721
1021508769238929 MGMT_ADMIN_CMD          comm=tokio-runtime-w pid=3145459 tid=3145721
1021508769500387 MGMT_ADMIN_CMD          comm=tokio-runtime-w pid=3145459 tid=3145720
1021508916579883 MGMT_ADMIN_CMD          comm=tokio-runtime-w pid=3145459 tid=3145718
1021508923102458 MGMT_ADMIN_CMD          comm=tokio-runtime-w pid=3145459 tid=3145718
1021508930334593 MGMT_ADMIN_CMD          comm=tokio-runtime-w pid=3145459 tid=3145718
1021508938282273 MGMT_ADMIN_CMD          comm=tokio-runtime-w pid=3145459 tid=3145718
1021509146986782 MGMT_ADMIN_CMD          comm=tokio-runtime-w pid=3145722 tid=3145979
1021509147540700 MGMT_ADMIN_CMD          comm=tokio-runtime-w pid=3145722 tid=3145980
1021509160263892 MGMT_ADMIN_CMD          comm=tokio-runtime-w pid=3145722 tid=3145980
1021509160564192 MGMT_ADMIN_CMD          comm=tokio-runtime-w pid=3145722 tid=3145979
1021509172808231 MGMT_ADMIN_CMD          comm=tokio-runtime-w pid=3145722 tid=3145979
1021509173036395 MGMT_ADMIN_CMD          comm=tokio-runtime-w pid=3145722 tid=3145983
1021509184569808 MGMT_ADMIN_CMD          comm=tokio-runtime-w pid=3145722 tid=3145983
1021509184821983 MGMT_ADMIN_CMD          comm=tokio-runtime-w pid=3145722 tid=3145980
1021509197017332 MGMT_ADMIN_CMD          comm=furiosa-smi pid=3145722 tid=3145722
1021509200592334 MGMT_ADMIN_CMD          comm=furiosa-smi pid=3145722 tid=3145722
1021509204250386 MGMT_ADMIN_CMD          comm=furiosa-smi pid=3145722 tid=3145722
1021509207893851 MGMT_ADMIN_CMD          comm=furiosa-smi pid=3145722 tid=3145722
1021509211679563 MGMT_ADMIN_CMD          comm=furiosa-smi pid=3145722 tid=3145722
1021509215468713 MGMT_ADMIN_CMD          comm=furiosa-smi pid=3145722 tid=3145722
1021509219442729 MGMT_ADMIN_CMD          comm=furiosa-smi pid=3145722 tid=3145722
1021509223158550 MGMT_ADMIN_CMD          comm=furiosa-smi pid=3145722 tid=3145722
1021509234559925 MGMT_ADMIN_CMD          comm=furiosa-smi pid=3145722 tid=3145722
1021509238498018 MGMT_ADMIN_CMD          comm=furiosa-smi pid=3145722 tid=3145722
1021509242657855 MGMT_ADMIN_CMD          comm=furiosa-smi pid=3145722 tid=3145722
1021509246463442 MGMT_ADMIN_CMD          comm=furiosa-smi pid=3145722 tid=3145722
1021509250444408 MGMT_ADMIN_CMD          comm=furiosa-smi pid=3145722 tid=3145722
1021509254529447 MGMT_ADMIN_CMD          comm=furiosa-smi pid=3145722 tid=3145722
1021509258303103 MGMT_ADMIN_CMD          comm=furiosa-smi pid=3145722 tid=3145722
1021509262088459 MGMT_ADMIN_CMD          comm=furiosa-smi pid=3145722 tid=3145722
1021509272461794 MGMT_ADMIN_CMD          comm=furiosa-smi pid=3145722 tid=3145722
1021509276442555 MGMT_ADMIN_CMD          comm=furiosa-smi pid=3145722 tid=3145722
1021509280332215 MGMT_ADMIN_CMD          comm=furiosa-smi pid=3145722 tid=3145722
1021509284141265 MGMT_ADMIN_CMD          comm=furiosa-smi pid=3145722 tid=3145722
1021509288069518 MGMT_ADMIN_CMD          comm=furiosa-smi pid=3145722 tid=3145722
1021509291801993 MGMT_ADMIN_CMD          comm=furiosa-smi pid=3145722 tid=3145722
1021509295569654 MGMT_ADMIN_CMD          comm=furiosa-smi pid=3145722 tid=3145722
1021509299273438 MGMT_ADMIN_CMD          comm=furiosa-smi pid=3145722 tid=3145722
1021509308223191 MGMT_ADMIN_CMD          comm=furiosa-smi pid=3145722 tid=3145722
1021509311991104 MGMT_ADMIN_CMD          comm=furiosa-smi pid=3145722 tid=3145722
1021509315778633 MGMT_ADMIN_CMD          comm=furiosa-smi pid=3145722 tid=3145722
1021509319545760 MGMT_ADMIN_CMD          comm=furiosa-smi pid=3145722 tid=3145722
1021509323360364 MGMT_ADMIN_CMD          comm=furiosa-smi pid=3145722 tid=3145722
1021509327086451 MGMT_ADMIN_CMD          comm=furiosa-smi pid=3145722 tid=3145722
1021509330916021 MGMT_ADMIN_CMD          comm=furiosa-smi pid=3145722 tid=3145722
1021509334690456 MGMT_ADMIN_CMD          comm=furiosa-smi pid=3145722 tid=3145722
1021510176066358 MGMT_ADMIN_CMD          comm=tokio-runtime-w pid=3146243 tid=3146500
1021510176625449 MGMT_ADMIN_CMD          comm=tokio-runtime-w pid=3146243 tid=3146501
1021510187841144 MGMT_ADMIN_CMD          comm=tokio-runtime-w pid=3146243 tid=3146501
1021510187849683 MGMT_ADMIN_CMD          comm=tokio-runtime-w pid=3146243 tid=3146504
1021510198410364 MGMT_ADMIN_CMD          comm=tokio-runtime-w pid=3146243 tid=3146501
1021510198530316 MGMT_ADMIN_CMD          comm=tokio-runtime-w pid=3146243 tid=3146500
1021510209550492 MGMT_ADMIN_CMD          comm=tokio-runtime-w pid=3146243 tid=3146500
1021510209592697 MGMT_ADMIN_CMD          comm=tokio-runtime-w pid=3146243 tid=3146504
1021510341031560 MGMT_ADMIN_CMD          comm=tokio-runtime-w pid=3146243 tid=3146502
1021510349758909 MGMT_ADMIN_CMD          comm=tokio-runtime-w pid=3146243 tid=3146502
1021510357827695 MGMT_ADMIN_CMD          comm=tokio-runtime-w pid=3146243 tid=3146502
1021510361839770 MGMT_ADMIN_CMD          comm=tokio-runtime-w pid=3146243 tid=3146502
1021510506871106 MGMT_ADMIN_CMD          comm=tokio-runtime-w pid=3146506 tid=3146763
1021510507259834 MGMT_ADMIN_CMD          comm=tokio-runtime-w pid=3146506 tid=3146765
1021510517729431 MGMT_ADMIN_CMD          comm=tokio-runtime-w pid=3146506 tid=3146765
1021510517796355 MGMT_ADMIN_CMD          comm=tokio-runtime-w pid=3146506 tid=3146766
1021510527154861 MGMT_ADMIN_CMD          comm=tokio-runtime-w pid=3146506 tid=3146766
1021510527195730 MGMT_ADMIN_CMD          comm=tokio-runtime-w pid=3146506 tid=3146768
1021510536213545 MGMT_ADMIN_CMD          comm=tokio-runtime-w pid=3146506 tid=3146768
1021510536252867 MGMT_ADMIN_CMD          comm=tokio-runtime-w pid=3146506 tid=3146765
1021510546448418 MGMT_ADMIN_CMD          comm=furiosa-smi pid=3146506 tid=3146506
1021510550096040 MGMT_ADMIN_CMD          comm=furiosa-smi pid=3146506 tid=3146506
1021510553741079 MGMT_ADMIN_CMD          comm=furiosa-smi pid=3146506 tid=3146506
1021510557468388 MGMT_ADMIN_CMD          comm=furiosa-smi pid=3146506 tid=3146506
1021510561115447 MGMT_ADMIN_CMD          comm=furiosa-smi pid=3146506 tid=3146506
1021510564677692 MGMT_ADMIN_CMD          comm=furiosa-smi pid=3146506 tid=3146506
1021510568302293 MGMT_ADMIN_CMD          comm=furiosa-smi pid=3146506 tid=3146506
1021510571883537 MGMT_ADMIN_CMD          comm=furiosa-smi pid=3146506 tid=3146506
1021510577748161 MGMT_ADMIN_CMD          comm=furiosa-smi pid=3146506 tid=3146506
1021510581445883 MGMT_ADMIN_CMD          comm=furiosa-smi pid=3146506 tid=3146506
1021510585114332 MGMT_ADMIN_CMD          comm=furiosa-smi pid=3146506 tid=3146506
1021510588801368 MGMT_ADMIN_CMD          comm=furiosa-smi pid=3146506 tid=3146506
1021510592527480 MGMT_ADMIN_CMD          comm=furiosa-smi pid=3146506 tid=3146506
1021510596254388 MGMT_ADMIN_CMD          comm=furiosa-smi pid=3146506 tid=3146506
1021510599903591 MGMT_ADMIN_CMD          comm=furiosa-smi pid=3146506 tid=3146506
1021510603554369 MGMT_ADMIN_CMD          comm=furiosa-smi pid=3146506 tid=3146506
1021510610259498 MGMT_ADMIN_CMD          comm=furiosa-smi pid=3146506 tid=3146506
1021510613828461 MGMT_ADMIN_CMD          comm=furiosa-smi pid=3146506 tid=3146506
1021510617412149 MGMT_ADMIN_CMD          comm=furiosa-smi pid=3146506 tid=3146506
1021510620999064 MGMT_ADMIN_CMD          comm=furiosa-smi pid=3146506 tid=3146506
1021510624584132 MGMT_ADMIN_CMD          comm=furiosa-smi pid=3146506 tid=3146506
1021510628097790 MGMT_ADMIN_CMD          comm=furiosa-smi pid=3146506 tid=3146506
1021510631667735 MGMT_ADMIN_CMD          comm=furiosa-smi pid=3146506 tid=3146506
1021510635142850 MGMT_ADMIN_CMD          comm=furiosa-smi pid=3146506 tid=3146506
1021510642199199 MGMT_ADMIN_CMD          comm=furiosa-smi pid=3146506 tid=3146506
1021510645669449 MGMT_ADMIN_CMD          comm=furiosa-smi pid=3146506 tid=3146506
1021510649114529 MGMT_ADMIN_CMD          comm=furiosa-smi pid=3146506 tid=3146506
1021510652571193 MGMT_ADMIN_CMD          comm=furiosa-smi pid=3146506 tid=3146506
1021510656033490 MGMT_ADMIN_CMD          comm=furiosa-smi pid=3146506 tid=3146506
1021510659500138 MGMT_ADMIN_CMD          comm=furiosa-smi pid=3146506 tid=3146506
1021510662953581 MGMT_ADMIN_CMD          comm=furiosa-smi pid=3146506 tid=3146506
1021510666408835 MGMT_ADMIN_CMD          comm=furiosa-smi pid=3146506 tid=3146506
---- KTRACE heartbeat nsec=1021511262077100 ----
1021511472371302 MGMT_ADMIN_CMD          comm=tokio-runtime-w pid=3147027 tid=3147284
1021511473449360 MGMT_ADMIN_CMD          comm=tokio-runtime-w pid=3147027 tid=3147286
1021511483305059 MGMT_ADMIN_CMD          comm=tokio-runtime-w pid=3147027 tid=3147286
1021511483512535 MGMT_ADMIN_CMD          comm=tokio-runtime-w pid=3147027 tid=3147288
1021511495095850 MGMT_ADMIN_CMD          comm=tokio-runtime-w pid=3147027 tid=3147288
1021511495818066 MGMT_ADMIN_CMD          comm=tokio-runtime-w pid=3147027 tid=3147285
1021511508510431 MGMT_ADMIN_CMD          comm=tokio-runtime-w pid=3147027 tid=3147285
1021511509179396 MGMT_ADMIN_CMD          comm=tokio-runtime-w pid=3147027 tid=3147289
1021511666345679 MGMT_ADMIN_CMD          comm=tokio-runtime-w pid=3147027 tid=3147284
1021511675923953 MGMT_ADMIN_CMD          comm=tokio-runtime-w pid=3147027 tid=3147284
1021511685372602 MGMT_ADMIN_CMD          comm=tokio-runtime-w pid=3147027 tid=3147284
1021511698091648 MGMT_ADMIN_CMD          comm=tokio-runtime-w pid=3147027 tid=3147284
1021511867098344 MGMT_ADMIN_CMD          comm=tokio-runtime-w pid=3147290 tid=3147560
1021511869407733 MGMT_ADMIN_CMD          comm=tokio-runtime-w pid=3147290 tid=3147562
1021511878189100 MGMT_ADMIN_CMD          comm=tokio-runtime-w pid=3147290 tid=3147563
1021511878199995 MGMT_ADMIN_CMD          comm=tokio-runtime-w pid=3147290 tid=3147562
1021511888628335 MGMT_ADMIN_CMD          comm=tokio-runtime-w pid=3147290 tid=3147562
1021511888665898 MGMT_ADMIN_CMD          comm=tokio-runtime-w pid=3147290 tid=3147564
1021511899210030 MGMT_ADMIN_CMD          comm=tokio-runtime-w pid=3147290 tid=3147564
1021511899383625 MGMT_ADMIN_CMD          comm=tokio-runtime-w pid=3147290 tid=3147565
1021511911253463 MGMT_ADMIN_CMD          comm=furiosa-smi pid=3147290 tid=3147290
1021511914846395 MGMT_ADMIN_CMD          comm=furiosa-smi pid=3147290 tid=3147290
1021511918524978 MGMT_ADMIN_CMD          comm=furiosa-smi pid=3147290 tid=3147290
1021511922394323 MGMT_ADMIN_CMD          comm=furiosa-smi pid=3147290 tid=3147290
1021511926077811 MGMT_ADMIN_CMD          comm=furiosa-smi pid=3147290 tid=3147290
1021511929794784 MGMT_ADMIN_CMD          comm=furiosa-smi pid=3147290 tid=3147290
1021511933496284 MGMT_ADMIN_CMD          comm=furiosa-smi pid=3147290 tid=3147290
1021511937228117 MGMT_ADMIN_CMD          comm=furiosa-smi pid=3147290 tid=3147290
1021511944872188 MGMT_ADMIN_CMD          comm=furiosa-smi pid=3147290 tid=3147290
1021511948512247 MGMT_ADMIN_CMD          comm=furiosa-smi pid=3147290 tid=3147290
1021511952239002 MGMT_ADMIN_CMD          comm=furiosa-smi pid=3147290 tid=3147290
1021511955864901 MGMT_ADMIN_CMD          comm=furiosa-smi pid=3147290 tid=3147290
1021511959455078 MGMT_ADMIN_CMD          comm=furiosa-smi pid=3147290 tid=3147290
1021511963071248 MGMT_ADMIN_CMD          comm=furiosa-smi pid=3147290 tid=3147290
1021511966657360 MGMT_ADMIN_CMD          comm=furiosa-smi pid=3147290 tid=3147290
1021511970364770 MGMT_ADMIN_CMD          comm=furiosa-smi pid=3147290 tid=3147290
1021511978323938 MGMT_ADMIN_CMD          comm=furiosa-smi pid=3147290 tid=3147290
1021511981884073 MGMT_ADMIN_CMD          comm=furiosa-smi pid=3147290 tid=3147290
1021511985572302 MGMT_ADMIN_CMD          comm=furiosa-smi pid=3147290 tid=3147290
1021511989113324 MGMT_ADMIN_CMD          comm=furiosa-smi pid=3147290 tid=3147290
1021511992701793 MGMT_ADMIN_CMD          comm=furiosa-smi pid=3147290 tid=3147290
1021511996487168 MGMT_ADMIN_CMD          comm=furiosa-smi pid=3147290 tid=3147290
1021512000140124 MGMT_ADMIN_CMD          comm=furiosa-smi pid=3147290 tid=3147290
1021512003696188 MGMT_ADMIN_CMD          comm=furiosa-smi pid=3147290 tid=3147290
1021512011566519 MGMT_ADMIN_CMD          comm=furiosa-smi pid=3147290 tid=3147290
1021512015127914 MGMT_ADMIN_CMD          comm=furiosa-smi pid=3147290 tid=3147290
1021512018763264 MGMT_ADMIN_CMD          comm=furiosa-smi pid=3147290 tid=3147290
1021512022489266 MGMT_ADMIN_CMD          comm=furiosa-smi pid=3147290 tid=3147290
1021512026158140 MGMT_ADMIN_CMD          comm=furiosa-smi pid=3147290 tid=3147290
1021512029841418 MGMT_ADMIN_CMD          comm=furiosa-smi pid=3147290 tid=3147290
1021512033526060 MGMT_ADMIN_CMD          comm=furiosa-smi pid=3147290 tid=3147290
1021512037178510 MGMT_ADMIN_CMD          comm=furiosa-smi pid=3147290 tid=3147290
1021512859823244 MGMT_ADMIN_CMD          comm=tokio-runtime-w pid=3147839 tid=3148096
1021512860576795 MGMT_ADMIN_CMD          comm=tokio-runtime-w pid=3147839 tid=3148098
1021512871254110 MGMT_ADMIN_CMD          comm=tokio-runtime-w pid=3147839 tid=3148098
1021512871260997 MGMT_ADMIN_CMD          comm=tokio-runtime-w pid=3147839 tid=3148099
1021512881546500 MGMT_ADMIN_CMD          comm=tokio-runtime-w pid=3147839 tid=3148099
1021512881588984 MGMT_ADMIN_CMD          comm=tokio-runtime-w pid=3147839 tid=3148096
1021512892419836 MGMT_ADMIN_CMD          comm=tokio-runtime-w pid=3147839 tid=3148096
1021512892479315 MGMT_ADMIN_CMD          comm=tokio-runtime-w pid=3147839 tid=3148097
1021513026877236 MGMT_ADMIN_CMD          comm=tokio-runtime-w pid=3147839 tid=3148100
1021513034226694 MGMT_ADMIN_CMD          comm=tokio-runtime-w pid=3147839 tid=3148100
1021513038832954 MGMT_ADMIN_CMD          comm=tokio-runtime-w pid=3147839 tid=3148100
1021513043563091 MGMT_ADMIN_CMD          comm=tokio-runtime-w pid=3147839 tid=3148100
1021513213636351 MGMT_ADMIN_CMD          comm=tokio-runtime-w pid=3148119 tid=3148376
1021513214373921 MGMT_ADMIN_CMD          comm=tokio-runtime-w pid=3148119 tid=3148378
1021513225216601 MGMT_ADMIN_CMD          comm=tokio-runtime-w pid=3148119 tid=3148377
1021513225494163 MGMT_ADMIN_CMD          comm=tokio-runtime-w pid=3148119 tid=3148380
1021513235035313 MGMT_ADMIN_CMD          comm=tokio-runtime-w pid=3148119 tid=3148379
1021513235123147 MGMT_ADMIN_CMD          comm=tokio-runtime-w pid=3148119 tid=3148378
1021513245043452 MGMT_ADMIN_CMD          comm=tokio-runtime-w pid=3148119 tid=3148378
1021513245088932 MGMT_ADMIN_CMD          comm=tokio-runtime-w pid=3148119 tid=3148381
1021513256034925 MGMT_ADMIN_CMD          comm=furiosa-smi pid=3148119 tid=3148119
1021513259694904 MGMT_ADMIN_CMD          comm=furiosa-smi pid=3148119 tid=3148119
1021513263389453 MGMT_ADMIN_CMD          comm=furiosa-smi pid=3148119 tid=3148119
1021513267050263 MGMT_ADMIN_CMD          comm=furiosa-smi pid=3148119 tid=3148119
1021513270764874 MGMT_ADMIN_CMD          comm=furiosa-smi pid=3148119 tid=3148119
1021513274463469 MGMT_ADMIN_CMD          comm=furiosa-smi pid=3148119 tid=3148119
1021513278200421 MGMT_ADMIN_CMD          comm=furiosa-smi pid=3148119 tid=3148119
1021513281860939 MGMT_ADMIN_CMD          comm=furiosa-smi pid=3148119 tid=3148119
1021513288021225 MGMT_ADMIN_CMD          comm=furiosa-smi pid=3148119 tid=3148119
1021513291816444 MGMT_ADMIN_CMD          comm=furiosa-smi pid=3148119 tid=3148119
1021513295459878 MGMT_ADMIN_CMD          comm=furiosa-smi pid=3148119 tid=3148119
1021513299453965 MGMT_ADMIN_CMD          comm=furiosa-smi pid=3148119 tid=3148119
1021513303154162 MGMT_ADMIN_CMD          comm=furiosa-smi pid=3148119 tid=3148119
1021513306867824 MGMT_ADMIN_CMD          comm=furiosa-smi pid=3148119 tid=3148119
1021513310571626 MGMT_ADMIN_CMD          comm=furiosa-smi pid=3148119 tid=3148119
1021513314279246 MGMT_ADMIN_CMD          comm=furiosa-smi pid=3148119 tid=3148119
1021513320829625 MGMT_ADMIN_CMD          comm=furiosa-smi pid=3148119 tid=3148119
1021513324430313 MGMT_ADMIN_CMD          comm=furiosa-smi pid=3148119 tid=3148119
1021513328149061 MGMT_ADMIN_CMD          comm=furiosa-smi pid=3148119 tid=3148119
1021513332183661 MGMT_ADMIN_CMD          comm=furiosa-smi pid=3148119 tid=3148119
1021513336099172 MGMT_ADMIN_CMD          comm=furiosa-smi pid=3148119 tid=3148119
1021513339930434 MGMT_ADMIN_CMD          comm=furiosa-smi pid=3148119 tid=3148119
1021513343881962 MGMT_ADMIN_CMD          comm=furiosa-smi pid=3148119 tid=3148119
1021513347616227 MGMT_ADMIN_CMD          comm=furiosa-smi pid=3148119 tid=3148119
1021513357662927 MGMT_ADMIN_CMD          comm=furiosa-smi pid=3148119 tid=3148119
1021513361394689 MGMT_ADMIN_CMD          comm=furiosa-smi pid=3148119 tid=3148119
1021513365065059 MGMT_ADMIN_CMD          comm=furiosa-smi pid=3148119 tid=3148119
1021513368860739 MGMT_ADMIN_CMD          comm=furiosa-smi pid=3148119 tid=3148119
1021513372746919 MGMT_ADMIN_CMD          comm=furiosa-smi pid=3148119 tid=3148119
1021513376828067 MGMT_ADMIN_CMD          comm=furiosa-smi pid=3148119 tid=3148119
1021513380740738 MGMT_ADMIN_CMD          comm=furiosa-smi pid=3148119 tid=3148119
1021513384527394 MGMT_ADMIN_CMD          comm=furiosa-smi pid=3148119 tid=3148119
1021514207175470 MGMT_ADMIN_CMD          comm=tokio-runtime-w pid=3148645 tid=3148902
1021514207769627 MGMT_ADMIN_CMD          comm=tokio-runtime-w pid=3148645 tid=3148905
1021514219180262 MGMT_ADMIN_CMD          comm=tokio-runtime-w pid=3148645 tid=3148905
1021514219539221 MGMT_ADMIN_CMD          comm=tokio-runtime-w pid=3148645 tid=3148903
1021514232225779 MGMT_ADMIN_CMD          comm=tokio-runtime-w pid=3148645 tid=3148903
1021514232311335 MGMT_ADMIN_CMD          comm=tokio-runtime-w pid=3148645 tid=3148902
1021514242673236 MGMT_ADMIN_CMD          comm=tokio-runtime-w pid=3148645 tid=3148902
1021514242715604 MGMT_ADMIN_CMD          comm=tokio-runtime-w pid=3148645 tid=3148907
1021514378116982 MGMT_ADMIN_CMD          comm=tokio-runtime-w pid=3148645 tid=3148905
1021514384589194 MGMT_ADMIN_CMD          comm=tokio-runtime-w pid=3148645 tid=3148905
1021514389890604 MGMT_ADMIN_CMD          comm=tokio-runtime-w pid=3148645 tid=3148905
1021514395870363 MGMT_ADMIN_CMD          comm=tokio-runtime-w pid=3148645 tid=3148905
1021514561583416 MGMT_ADMIN_CMD          comm=tokio-runtime-w pid=3148908 tid=3149165
1021514562277605 MGMT_ADMIN_CMD          comm=tokio-runtime-w pid=3148908 tid=3149166
1021514572309531 MGMT_ADMIN_CMD          comm=tokio-runtime-w pid=3148908 tid=3149166
1021514572833029 MGMT_ADMIN_CMD          comm=tokio-runtime-w pid=3148908 tid=3149170
1021514583845490 MGMT_ADMIN_CMD          comm=tokio-runtime-w pid=3148908 tid=3149170
1021514583868504 MGMT_ADMIN_CMD          comm=tokio-runtime-w pid=3148908 tid=3149167
1021514594578465 MGMT_ADMIN_CMD          comm=tokio-runtime-w pid=3148908 tid=3149167
1021514594811791 MGMT_ADMIN_CMD          comm=tokio-runtime-w pid=3148908 tid=3149165
1021514608980469 MGMT_ADMIN_CMD          comm=furiosa-smi pid=3148908 tid=3148908
1021514612621634 MGMT_ADMIN_CMD          comm=furiosa-smi pid=3148908 tid=3148908
1021514616138122 MGMT_ADMIN_CMD          comm=furiosa-smi pid=3148908 tid=3148908
1021514619895767 MGMT_ADMIN_CMD          comm=furiosa-smi pid=3148908 tid=3148908
1021514623664315 MGMT_ADMIN_CMD          comm=furiosa-smi pid=3148908 tid=3148908
1021514627432458 MGMT_ADMIN_CMD          comm=furiosa-smi pid=3148908 tid=3148908
1021514631132788 MGMT_ADMIN_CMD          comm=furiosa-smi pid=3148908 tid=3148908
1021514634747679 MGMT_ADMIN_CMD          comm=furiosa-smi pid=3148908 tid=3148908
1021514643115433 MGMT_ADMIN_CMD          comm=furiosa-smi pid=3148908 tid=3148908
1021514646949229 MGMT_ADMIN_CMD          comm=furiosa-smi pid=3148908 tid=3148908
1021514650678179 MGMT_ADMIN_CMD          comm=furiosa-smi pid=3148908 tid=3148908
1021514654509503 MGMT_ADMIN_CMD          comm=furiosa-smi pid=3148908 tid=3148908
1021514658523133 MGMT_ADMIN_CMD          comm=furiosa-smi pid=3148908 tid=3148908
1021514662560064 MGMT_ADMIN_CMD          comm=furiosa-smi pid=3148908 tid=3148908
1021514666554758 MGMT_ADMIN_CMD          comm=furiosa-smi pid=3148908 tid=3148908
1021514670384017 MGMT_ADMIN_CMD          comm=furiosa-smi pid=3148908 tid=3148908
1021514679131094 MGMT_ADMIN_CMD          comm=furiosa-smi pid=3148908 tid=3148908
1021514682727290 MGMT_ADMIN_CMD          comm=furiosa-smi pid=3148908 tid=3148908
1021514686535414 MGMT_ADMIN_CMD          comm=furiosa-smi pid=3148908 tid=3148908
1021514690446760 MGMT_ADMIN_CMD          comm=furiosa-smi pid=3148908 tid=3148908
1021514694480706 MGMT_ADMIN_CMD          comm=furiosa-smi pid=3148908 tid=3148908
1021514698147527 MGMT_ADMIN_CMD          comm=furiosa-smi pid=3148908 tid=3148908
1021514701879227 MGMT_ADMIN_CMD          comm=furiosa-smi pid=3148908 tid=3148908
1021514705709786 MGMT_ADMIN_CMD          comm=furiosa-smi pid=3148908 tid=3148908
1021514714180126 MGMT_ADMIN_CMD          comm=furiosa-smi pid=3148908 tid=3148908
1021514718050776 MGMT_ADMIN_CMD          comm=furiosa-smi pid=3148908 tid=3148908
1021514721848091 MGMT_ADMIN_CMD          comm=furiosa-smi pid=3148908 tid=3148908
1021514725616455 MGMT_ADMIN_CMD          comm=furiosa-smi pid=3148908 tid=3148908
1021514729423980 MGMT_ADMIN_CMD          comm=furiosa-smi pid=3148908 tid=3148908
1021514733399345 MGMT_ADMIN_CMD          comm=furiosa-smi pid=3148908 tid=3148908
1021514737136812 MGMT_ADMIN_CMD          comm=furiosa-smi pid=3148908 tid=3148908
1021514740873719 MGMT_ADMIN_CMD          comm=furiosa-smi pid=3148908 tid=3148908
1021515565773137 MGMT_ADMIN_CMD          comm=tokio-runtime-w pid=3149429 tid=3149686
1021515566661661 MGMT_ADMIN_CMD          comm=tokio-runtime-w pid=3149429 tid=3149689
1021515579159562 MGMT_ADMIN_CMD          comm=tokio-runtime-w pid=3149429 tid=3149689
1021515579246412 MGMT_ADMIN_CMD          comm=tokio-runtime-w pid=3149429 tid=3149690
1021515591610500 MGMT_ADMIN_CMD          comm=tokio-runtime-w pid=3149429 tid=3149690
1021515591647153 MGMT_ADMIN_CMD          comm=tokio-runtime-w pid=3149429 tid=3149686
1021515604079843 MGMT_ADMIN_CMD          comm=tokio-runtime-w pid=3149429 tid=3149686
1021515604150134 MGMT_ADMIN_CMD          comm=tokio-runtime-w pid=3149429 tid=3149688
1021515741301531 MGMT_ADMIN_CMD          comm=tokio-runtime-w pid=3149429 tid=3149690
1021515749038396 MGMT_ADMIN_CMD          comm=tokio-runtime-w pid=3149429 tid=3149690
1021515760666962 MGMT_ADMIN_CMD          comm=tokio-runtime-w pid=3149429 tid=3149690
1021515771972449 MGMT_ADMIN_CMD          comm=tokio-runtime-w pid=3149429 tid=3149690
1021516003697137 MGMT_ADMIN_CMD          comm=tokio-runtime-w pid=3149692 tid=3149949
1021516004599651 MGMT_ADMIN_CMD          comm=tokio-runtime-w pid=3149692 tid=3149950
1021516016954532 MGMT_ADMIN_CMD          comm=tokio-runtime-w pid=3149692 tid=3149950
1021516017190403 MGMT_ADMIN_CMD          comm=tokio-runtime-w pid=3149692 tid=3149953
1021516028131886 MGMT_ADMIN_CMD          comm=tokio-runtime-w pid=3149692 tid=3149953
1021516028792567 MGMT_ADMIN_CMD          comm=tokio-runtime-w pid=3149692 tid=3149952
1021516040615392 MGMT_ADMIN_CMD          comm=tokio-runtime-w pid=3149692 tid=3149952
1021516041118469 MGMT_ADMIN_CMD          comm=tokio-runtime-w pid=3149692 tid=3149950
1021516057059912 MGMT_ADMIN_CMD          comm=furiosa-smi pid=3149692 tid=3149692
1021516060810189 MGMT_ADMIN_CMD          comm=furiosa-smi pid=3149692 tid=3149692
1021516064598619 MGMT_ADMIN_CMD          comm=furiosa-smi pid=3149692 tid=3149692
1021516068425982 MGMT_ADMIN_CMD          comm=furiosa-smi pid=3149692 tid=3149692
1021516072082763 MGMT_ADMIN_CMD          comm=furiosa-smi pid=3149692 tid=3149692
1021516075879766 MGMT_ADMIN_CMD          comm=furiosa-smi pid=3149692 tid=3149692
1021516079649045 MGMT_ADMIN_CMD          comm=furiosa-smi pid=3149692 tid=3149692
1021516083503340 MGMT_ADMIN_CMD          comm=furiosa-smi pid=3149692 tid=3149692
1021516091058357 MGMT_ADMIN_CMD          comm=furiosa-smi pid=3149692 tid=3149692
1021516094729302 MGMT_ADMIN_CMD          comm=furiosa-smi pid=3149692 tid=3149692
1021516098470997 MGMT_ADMIN_CMD          comm=furiosa-smi pid=3149692 tid=3149692
1021516102384607 MGMT_ADMIN_CMD          comm=furiosa-smi pid=3149692 tid=3149692
1021516106089558 MGMT_ADMIN_CMD          comm=furiosa-smi pid=3149692 tid=3149692
1021516109909162 MGMT_ADMIN_CMD          comm=furiosa-smi pid=3149692 tid=3149692
1021516113700027 MGMT_ADMIN_CMD          comm=furiosa-smi pid=3149692 tid=3149692
1021516117451612 MGMT_ADMIN_CMD          comm=furiosa-smi pid=3149692 tid=3149692
1021516127365526 MGMT_ADMIN_CMD          comm=furiosa-smi pid=3149692 tid=3149692
1021516131296643 MGMT_ADMIN_CMD          comm=furiosa-smi pid=3149692 tid=3149692
1021516135167293 MGMT_ADMIN_CMD          comm=furiosa-smi pid=3149692 tid=3149692
1021516138801303 MGMT_ADMIN_CMD          comm=furiosa-smi pid=3149692 tid=3149692
1021516142319382 MGMT_ADMIN_CMD          comm=furiosa-smi pid=3149692 tid=3149692
1021516146031994 MGMT_ADMIN_CMD          comm=furiosa-smi pid=3149692 tid=3149692
1021516149702024 MGMT_ADMIN_CMD          comm=furiosa-smi pid=3149692 tid=3149692
1021516153530990 MGMT_ADMIN_CMD          comm=furiosa-smi pid=3149692 tid=3149692
1021516165277958 MGMT_ADMIN_CMD          comm=furiosa-smi pid=3149692 tid=3149692
1021516168925918 MGMT_ADMIN_CMD          comm=furiosa-smi pid=3149692 tid=3149692
1021516172837372 MGMT_ADMIN_CMD          comm=furiosa-smi pid=3149692 tid=3149692
1021516176523823 MGMT_ADMIN_CMD          comm=furiosa-smi pid=3149692 tid=3149692
1021516180374119 MGMT_ADMIN_CMD          comm=furiosa-smi pid=3149692 tid=3149692
1021516184187536 MGMT_ADMIN_CMD          comm=furiosa-smi pid=3149692 tid=3149692
1021516188177999 MGMT_ADMIN_CMD          comm=furiosa-smi pid=3149692 tid=3149692
1021516192048765 MGMT_ADMIN_CMD          comm=furiosa-smi pid=3149692 tid=3149692
---- KTRACE heartbeat nsec=1021516263026907 ----
1021516976513977 MGMT_ADMIN_CMD          comm=tokio-runtime-w pid=3150231 tid=3150500
1021516978197033 MGMT_ADMIN_CMD          comm=tokio-runtime-w pid=3150231 tid=3150505
1021516987923379 MGMT_ADMIN_CMD          comm=tokio-runtime-w pid=3150231 tid=3150505
1021516988064532 MGMT_ADMIN_CMD          comm=tokio-runtime-w pid=3150231 tid=3150503
1021516999967286 MGMT_ADMIN_CMD          comm=tokio-runtime-w pid=3150231 tid=3150503
1021517000186723 MGMT_ADMIN_CMD          comm=tokio-runtime-w pid=3150231 tid=3150502
1021517010964916 MGMT_ADMIN_CMD          comm=tokio-runtime-w pid=3150231 tid=3150502
1021517011057442 MGMT_ADMIN_CMD          comm=tokio-runtime-w pid=3150231 tid=3150503
1021517149204441 MGMT_ADMIN_CMD          comm=tokio-runtime-w pid=3150231 tid=3150500
1021517156223698 MGMT_ADMIN_CMD          comm=tokio-runtime-w pid=3150231 tid=3150500
1021517164702924 MGMT_ADMIN_CMD          comm=tokio-runtime-w pid=3150231 tid=3150500
1021517173921397 MGMT_ADMIN_CMD          comm=tokio-runtime-w pid=3150231 tid=3150500
1021517344889135 MGMT_ADMIN_CMD          comm=tokio-runtime-w pid=3150506 tid=3150767
1021517345582665 MGMT_ADMIN_CMD          comm=tokio-runtime-w pid=3150506 tid=3150769
1021517355723265 MGMT_ADMIN_CMD          comm=tokio-runtime-w pid=3150506 tid=3150768
1021517355762505 MGMT_ADMIN_CMD          comm=tokio-runtime-w pid=3150506 tid=3150767
1021517365223860 MGMT_ADMIN_CMD          comm=tokio-runtime-w pid=3150506 tid=3150767
1021517365239760 MGMT_ADMIN_CMD          comm=tokio-runtime-w pid=3150506 tid=3150772
1021517375258226 MGMT_ADMIN_CMD          comm=tokio-runtime-w pid=3150506 tid=3150768
1021517375289800 MGMT_ADMIN_CMD          comm=tokio-runtime-w pid=3150506 tid=3150772
1021517387149544 MGMT_ADMIN_CMD          comm=furiosa-smi pid=3150506 tid=3150506
1021517390764915 MGMT_ADMIN_CMD          comm=furiosa-smi pid=3150506 tid=3150506
1021517394648239 MGMT_ADMIN_CMD          comm=furiosa-smi pid=3150506 tid=3150506
1021517398414525 MGMT_ADMIN_CMD          comm=furiosa-smi pid=3150506 tid=3150506
1021517402111193 MGMT_ADMIN_CMD          comm=furiosa-smi pid=3150506 tid=3150506
1021517405913711 MGMT_ADMIN_CMD          comm=furiosa-smi pid=3150506 tid=3150506
1021517409722501 MGMT_ADMIN_CMD          comm=furiosa-smi pid=3150506 tid=3150506
1021517413653234 MGMT_ADMIN_CMD          comm=furiosa-smi pid=3150506 tid=3150506
1021517421145152 MGMT_ADMIN_CMD          comm=furiosa-smi pid=3150506 tid=3150506
1021517424812297 MGMT_ADMIN_CMD          comm=furiosa-smi pid=3150506 tid=3150506
1021517428462828 MGMT_ADMIN_CMD          comm=furiosa-smi pid=3150506 tid=3150506
1021517432437738 MGMT_ADMIN_CMD          comm=furiosa-smi pid=3150506 tid=3150506
1021517436115048 MGMT_ADMIN_CMD          comm=furiosa-smi pid=3150506 tid=3150506
1021517439832795 MGMT_ADMIN_CMD          comm=furiosa-smi pid=3150506 tid=3150506
1021517443439167 MGMT_ADMIN_CMD          comm=furiosa-smi pid=3150506 tid=3150506
1021517447118499 MGMT_ADMIN_CMD          comm=furiosa-smi pid=3150506 tid=3150506
1021517454332151 MGMT_ADMIN_CMD          comm=furiosa-smi pid=3150506 tid=3150506
1021517457953754 MGMT_ADMIN_CMD          comm=furiosa-smi pid=3150506 tid=3150506
1021517461677389 MGMT_ADMIN_CMD          comm=furiosa-smi pid=3150506 tid=3150506
1021517465445050 MGMT_ADMIN_CMD          comm=furiosa-smi pid=3150506 tid=3150506
1021517469126331 MGMT_ADMIN_CMD          comm=furiosa-smi pid=3150506 tid=3150506
1021517472843115 MGMT_ADMIN_CMD          comm=furiosa-smi pid=3150506 tid=3150506
1021517476693095 MGMT_ADMIN_CMD          comm=furiosa-smi pid=3150506 tid=3150506
1021517480692591 MGMT_ADMIN_CMD          comm=furiosa-smi pid=3150506 tid=3150506
1021517488229350 MGMT_ADMIN_CMD          comm=furiosa-smi pid=3150506 tid=3150506
1021517491874613 MGMT_ADMIN_CMD          comm=furiosa-smi pid=3150506 tid=3150506
1021517495629852 MGMT_ADMIN_CMD          comm=furiosa-smi pid=3150506 tid=3150506
1021517499581676 MGMT_ADMIN_CMD          comm=furiosa-smi pid=3150506 tid=3150506
1021517503492415 MGMT_ADMIN_CMD          comm=furiosa-smi pid=3150506 tid=3150506
1021517507405683 MGMT_ADMIN_CMD          comm=furiosa-smi pid=3150506 tid=3150506
1021517511271545 MGMT_ADMIN_CMD          comm=furiosa-smi pid=3150506 tid=3150506
1021517515244071 MGMT_ADMIN_CMD          comm=furiosa-smi pid=3150506 tid=3150506
1021518082141742 MGMT_ADMIN_CMD          comm=tokio-runtime-w pid=3151049 tid=3151328
1021518082934108 MGMT_ADMIN_CMD          comm=tokio-runtime-w pid=3151049 tid=3151330
1021518095281077 MGMT_ADMIN_CMD          comm=tokio-runtime-w pid=3151049 tid=3151330
1021518095340097 MGMT_ADMIN_CMD          comm=tokio-runtime-w pid=3151049 tid=3151332
1021518105056554 MGMT_ADMIN_CMD          comm=tokio-runtime-w pid=3151049 tid=3151332
1021518105087142 MGMT_ADMIN_CMD          comm=tokio-runtime-w pid=3151049 tid=3151333
1021518114775807 MGMT_ADMIN_CMD          comm=tokio-runtime-w pid=3151049 tid=3151333
1021518114830217 MGMT_ADMIN_CMD          comm=tokio-runtime-w pid=3151049 tid=3151328
1021518248647468 MGMT_ADMIN_CMD          comm=tokio-runtime-w pid=3151049 tid=3151329
1021518254357208 MGMT_ADMIN_CMD          comm=tokio-runtime-w pid=3151049 tid=3151329
1021518258590123 MGMT_ADMIN_CMD          comm=tokio-runtime-w pid=3151049 tid=3151329
1021518262445768 MGMT_ADMIN_CMD          comm=tokio-runtime-w pid=3151049 tid=3151329
1021518303651984 MGMT_ADMIN_CMD          comm=tokio-runtime-w pid=3151334 tid=3151591
1021518304547792 MGMT_ADMIN_CMD          comm=tokio-runtime-w pid=3151334 tid=3151592
1021518311784352 MGMT_ADMIN_CMD          comm=tokio-runtime-w pid=3151334 tid=3151592
1021518311800579 MGMT_ADMIN_CMD          comm=tokio-runtime-w pid=3151334 tid=3151595
1021518319879321 MGMT_ADMIN_CMD          comm=tokio-runtime-w pid=3151334 tid=3151595
1021518319958120 MGMT_ADMIN_CMD          comm=tokio-runtime-w pid=3151334 tid=3151593
1021518328095569 MGMT_ADMIN_CMD          comm=tokio-runtime-w pid=3151334 tid=3151593
1021518328151202 MGMT_ADMIN_CMD          comm=tokio-runtime-w pid=3151334 tid=3151595
1021518452313813 MGMT_ADMIN_CMD          comm=tokio-runtime-w pid=3151334 tid=3151591
1021518457385945 MGMT_ADMIN_CMD          comm=tokio-runtime-w pid=3151334 tid=3151591
1021518461671879 MGMT_ADMIN_CMD          comm=tokio-runtime-w pid=3151334 tid=3151591
1021518465926225 MGMT_ADMIN_CMD          comm=tokio-runtime-w pid=3151334 tid=3151591
1021518626249774 MGMT_ADMIN_CMD          comm=tokio-runtime-w pid=3151602 tid=3151859
1021518627542391 MGMT_ADMIN_CMD          comm=tokio-runtime-w pid=3151602 tid=3151860
1021518636511421 MGMT_ADMIN_CMD          comm=tokio-runtime-w pid=3151602 tid=3151860
1021518636576206 MGMT_ADMIN_CMD          comm=tokio-runtime-w pid=3151602 tid=3151861
1021518645384085 MGMT_ADMIN_CMD          comm=tokio-runtime-w pid=3151602 tid=3151861
1021518645477351 MGMT_ADMIN_CMD          comm=tokio-runtime-w pid=3151602 tid=3151864
1021518653512782 MGMT_ADMIN_CMD          comm=tokio-runtime-w pid=3151602 tid=3151864
1021518653534392 MGMT_ADMIN_CMD          comm=tokio-runtime-w pid=3151602 tid=3151862
1021518666579110 MGMT_ADMIN_CMD          comm=furiosa-smi pid=3151602 tid=3151602
1021518670296879 MGMT_ADMIN_CMD          comm=furiosa-smi pid=3151602 tid=3151602
1021518673942554 MGMT_ADMIN_CMD          comm=furiosa-smi pid=3151602 tid=3151602
1021518677604464 MGMT_ADMIN_CMD          comm=furiosa-smi pid=3151602 tid=3151602
1021518681455038 MGMT_ADMIN_CMD          comm=furiosa-smi pid=3151602 tid=3151602
1021518685063764 MGMT_ADMIN_CMD          comm=furiosa-smi pid=3151602 tid=3151602
1021518688752233 MGMT_ADMIN_CMD          comm=furiosa-smi pid=3151602 tid=3151602
1021518692514517 MGMT_ADMIN_CMD          comm=furiosa-smi pid=3151602 tid=3151602
1021518699329904 MGMT_ADMIN_CMD          comm=furiosa-smi pid=3151602 tid=3151602
1021518702833153 MGMT_ADMIN_CMD          comm=furiosa-smi pid=3151602 tid=3151602
1021518706315359 MGMT_ADMIN_CMD          comm=furiosa-smi pid=3151602 tid=3151602
1021518709807783 MGMT_ADMIN_CMD          comm=furiosa-smi pid=3151602 tid=3151602
1021518713524254 MGMT_ADMIN_CMD          comm=furiosa-smi pid=3151602 tid=3151602
1021518717035386 MGMT_ADMIN_CMD          comm=furiosa-smi pid=3151602 tid=3151602
1021518720628386 MGMT_ADMIN_CMD          comm=furiosa-smi pid=3151602 tid=3151602
1021518724481000 MGMT_ADMIN_CMD          comm=furiosa-smi pid=3151602 tid=3151602
1021518731168590 MGMT_ADMIN_CMD          comm=furiosa-smi pid=3151602 tid=3151602
1021518734650730 MGMT_ADMIN_CMD          comm=furiosa-smi pid=3151602 tid=3151602
1021518738398356 MGMT_ADMIN_CMD          comm=furiosa-smi pid=3151602 tid=3151602
1021518742048690 MGMT_ADMIN_CMD          comm=furiosa-smi pid=3151602 tid=3151602
1021518745675460 MGMT_ADMIN_CMD          comm=furiosa-smi pid=3151602 tid=3151602
1021518749172783 MGMT_ADMIN_CMD          comm=furiosa-smi pid=3151602 tid=3151602
1021518752775617 MGMT_ADMIN_CMD          comm=furiosa-smi pid=3151602 tid=3151602
1021518756554115 MGMT_ADMIN_CMD          comm=furiosa-smi pid=3151602 tid=3151602
1021518762765739 MGMT_ADMIN_CMD          comm=furiosa-smi pid=3151602 tid=3151602
1021518766244824 MGMT_ADMIN_CMD          comm=furiosa-smi pid=3151602 tid=3151602
1021518769899298 MGMT_ADMIN_CMD          comm=furiosa-smi pid=3151602 tid=3151602
1021518773503042 MGMT_ADMIN_CMD          comm=furiosa-smi pid=3151602 tid=3151602
1021518777190442 MGMT_ADMIN_CMD          comm=furiosa-smi pid=3151602 tid=3151602
1021518780773376 MGMT_ADMIN_CMD          comm=furiosa-smi pid=3151602 tid=3151602
1021518784398160 MGMT_ADMIN_CMD          comm=furiosa-smi pid=3151602 tid=3151602
1021518788020690 MGMT_ADMIN_CMD          comm=furiosa-smi pid=3151602 tid=3151602
1021520121153099 MGMT_ADMIN_CMD          comm=tokio-runtime-w pid=3152125 tid=3152383
1021520121585094 MGMT_ADMIN_CMD          comm=tokio-runtime-w pid=3152125 tid=3152384
1021520132606165 MGMT_ADMIN_CMD          comm=tokio-runtime-w pid=3152125 tid=3152384
1021520132625995 MGMT_ADMIN_CMD          comm=tokio-runtime-w pid=3152125 tid=3152386
1021520143882628 MGMT_ADMIN_CMD          comm=tokio-runtime-w pid=3152125 tid=3152386
1021520144026314 MGMT_ADMIN_CMD          comm=tokio-runtime-w pid=3152125 tid=3152388
1021520155973092 MGMT_ADMIN_CMD          comm=tokio-runtime-w pid=3152125 tid=3152383
1021520155977169 MGMT_ADMIN_CMD          comm=tokio-runtime-w pid=3152125 tid=3152388
1021520300848274 MGMT_ADMIN_CMD          comm=tokio-runtime-w pid=3152125 tid=3152385
1021520314319476 MGMT_ADMIN_CMD          comm=tokio-runtime-w pid=3152125 tid=3152385
1021520324986425 MGMT_ADMIN_CMD          comm=tokio-runtime-w pid=3152125 tid=3152385
1021520335902310 MGMT_ADMIN_CMD          comm=tokio-runtime-w pid=3152125 tid=3152385
1021520498815018 MGMT_ADMIN_CMD          comm=tokio-runtime-w pid=3152389 tid=3152646
1021520500463098 MGMT_ADMIN_CMD          comm=tokio-runtime-w pid=3152389 tid=3152647
1021520509990278 MGMT_ADMIN_CMD          comm=tokio-runtime-w pid=3152389 tid=3152647
1021520510067853 MGMT_ADMIN_CMD          comm=tokio-runtime-w pid=3152389 tid=3152651
1021520519832305 MGMT_ADMIN_CMD          comm=tokio-runtime-w pid=3152389 tid=3152651
1021520519917598 MGMT_ADMIN_CMD          comm=tokio-runtime-w pid=3152389 tid=3152649
1021520528623569 MGMT_ADMIN_CMD          comm=tokio-runtime-w pid=3152389 tid=3152649
1021520528675629 MGMT_ADMIN_CMD          comm=tokio-runtime-w pid=3152389 tid=3152648
1021520545192404 MGMT_ADMIN_CMD          comm=furiosa-smi pid=3152389 tid=3152389
1021520548883916 MGMT_ADMIN_CMD          comm=furiosa-smi pid=3152389 tid=3152389
1021520552749347 MGMT_ADMIN_CMD          comm=furiosa-smi pid=3152389 tid=3152389
1021520556523677 MGMT_ADMIN_CMD          comm=furiosa-smi pid=3152389 tid=3152389
1021520560153492 MGMT_ADMIN_CMD          comm=furiosa-smi pid=3152389 tid=3152389
1021520563933177 MGMT_ADMIN_CMD          comm=furiosa-smi pid=3152389 tid=3152389
1021520567760699 MGMT_ADMIN_CMD          comm=furiosa-smi pid=3152389 tid=3152389
1021520571678432 MGMT_ADMIN_CMD          comm=furiosa-smi pid=3152389 tid=3152389
1021520581104158 MGMT_ADMIN_CMD          comm=furiosa-smi pid=3152389 tid=3152389
1021520584883894 MGMT_ADMIN_CMD          comm=furiosa-smi pid=3152389 tid=3152389
1021520588752430 MGMT_ADMIN_CMD          comm=furiosa-smi pid=3152389 tid=3152389
1021520592546464 MGMT_ADMIN_CMD          comm=furiosa-smi pid=3152389 tid=3152389
1021520596332668 MGMT_ADMIN_CMD          comm=furiosa-smi pid=3152389 tid=3152389
1021520600182352 MGMT_ADMIN_CMD          comm=furiosa-smi pid=3152389 tid=3152389
1021520604073082 MGMT_ADMIN_CMD          comm=furiosa-smi pid=3152389 tid=3152389
1021520607783289 MGMT_ADMIN_CMD          comm=furiosa-smi pid=3152389 tid=3152389
1021520617465977 MGMT_ADMIN_CMD          comm=furiosa-smi pid=3152389 tid=3152389
1021520621415202 MGMT_ADMIN_CMD          comm=furiosa-smi pid=3152389 tid=3152389
1021520625330506 MGMT_ADMIN_CMD          comm=furiosa-smi pid=3152389 tid=3152389
1021520629101953 MGMT_ADMIN_CMD          comm=furiosa-smi pid=3152389 tid=3152389
1021520633171689 MGMT_ADMIN_CMD          comm=furiosa-smi pid=3152389 tid=3152389
1021520637081777 MGMT_ADMIN_CMD          comm=furiosa-smi pid=3152389 tid=3152389
1021520640869721 MGMT_ADMIN_CMD          comm=furiosa-smi pid=3152389 tid=3152389
1021520644540132 MGMT_ADMIN_CMD          comm=furiosa-smi pid=3152389 tid=3152389
1021520655120983 MGMT_ADMIN_CMD          comm=furiosa-smi pid=3152389 tid=3152389
1021520659100272 MGMT_ADMIN_CMD          comm=furiosa-smi pid=3152389 tid=3152389
1021520662765163 MGMT_ADMIN_CMD          comm=furiosa-smi pid=3152389 tid=3152389
1021520666493916 MGMT_ADMIN_CMD          comm=furiosa-smi pid=3152389 tid=3152389
1021520670342252 MGMT_ADMIN_CMD          comm=furiosa-smi pid=3152389 tid=3152389
1021520674150066 MGMT_ADMIN_CMD          comm=furiosa-smi pid=3152389 tid=3152389
1021520678082498 MGMT_ADMIN_CMD          comm=furiosa-smi pid=3152389 tid=3152389
1021520682026474 MGMT_ADMIN_CMD          comm=furiosa-smi pid=3152389 tid=3152389
---- KTRACE heartbeat nsec=1021521268092516 ----
1021521450488412 MGMT_ADMIN_CMD          comm=tokio-runtime-w pid=3152910 tid=3153167
1021521451097796 MGMT_ADMIN_CMD          comm=tokio-runtime-w pid=3152910 tid=3153168
1021521463352343 MGMT_ADMIN_CMD          comm=tokio-runtime-w pid=3152910 tid=3153168
1021521463622763 MGMT_ADMIN_CMD          comm=tokio-runtime-w pid=3152910 tid=3153171
1021521475548800 MGMT_ADMIN_CMD          comm=tokio-runtime-w pid=3152910 tid=3153171
1021521475862636 MGMT_ADMIN_CMD          comm=tokio-runtime-w pid=3152910 tid=3153170
1021521486903188 MGMT_ADMIN_CMD          comm=tokio-runtime-w pid=3152910 tid=3153170
1021521486978627 MGMT_ADMIN_CMD          comm=tokio-runtime-w pid=3152910 tid=3153171
1021521626072541 MGMT_ADMIN_CMD          comm=tokio-runtime-w pid=3152910 tid=3153169
1021521633579767 MGMT_ADMIN_CMD          comm=tokio-runtime-w pid=3152910 tid=3153169
1021521638680117 MGMT_ADMIN_CMD          comm=tokio-runtime-w pid=3152910 tid=3153169
1021521644516513 MGMT_ADMIN_CMD          comm=tokio-runtime-w pid=3152910 tid=3153169
1021521801911501 MGMT_ADMIN_CMD          comm=tokio-runtime-w pid=3153173 tid=3153434
1021521802820243 MGMT_ADMIN_CMD          comm=tokio-runtime-w pid=3153173 tid=3153437
1021521813515813 MGMT_ADMIN_CMD          comm=tokio-runtime-w pid=3153173 tid=3153436
1021521813947525 MGMT_ADMIN_CMD          comm=tokio-runtime-w pid=3153173 tid=3153437
1021521823768429 MGMT_ADMIN_CMD          comm=tokio-runtime-w pid=3153173 tid=3153437
1021521823806688 MGMT_ADMIN_CMD          comm=tokio-runtime-w pid=3153173 tid=3153439
1021521835197366 MGMT_ADMIN_CMD          comm=tokio-runtime-w pid=3153173 tid=3153439
1021521835324605 MGMT_ADMIN_CMD          comm=tokio-runtime-w pid=3153173 tid=3153438
1021521849431102 MGMT_ADMIN_CMD          comm=furiosa-smi pid=3153173 tid=3153173
1021521853473900 MGMT_ADMIN_CMD          comm=furiosa-smi pid=3153173 tid=3153173
1021521857155978 MGMT_ADMIN_CMD          comm=furiosa-smi pid=3153173 tid=3153173
1021521860770542 MGMT_ADMIN_CMD          comm=furiosa-smi pid=3153173 tid=3153173
1021521864552374 MGMT_ADMIN_CMD          comm=furiosa-smi pid=3153173 tid=3153173
1021521868570408 MGMT_ADMIN_CMD          comm=furiosa-smi pid=3153173 tid=3153173
1021521872320377 MGMT_ADMIN_CMD          comm=furiosa-smi pid=3153173 tid=3153173
1021521876155337 MGMT_ADMIN_CMD          comm=furiosa-smi pid=3153173 tid=3153173
1021521883896805 MGMT_ADMIN_CMD          comm=furiosa-smi pid=3153173 tid=3153173
1021521887598574 MGMT_ADMIN_CMD          comm=furiosa-smi pid=3153173 tid=3153173
1021521891154544 MGMT_ADMIN_CMD          comm=furiosa-smi pid=3153173 tid=3153173
1021521894797595 MGMT_ADMIN_CMD          comm=furiosa-smi pid=3153173 tid=3153173
1021521898474800 MGMT_ADMIN_CMD          comm=furiosa-smi pid=3153173 tid=3153173
1021521902158044 MGMT_ADMIN_CMD          comm=furiosa-smi pid=3153173 tid=3153173
1021521905803456 MGMT_ADMIN_CMD          comm=furiosa-smi pid=3153173 tid=3153173
1021521909448637 MGMT_ADMIN_CMD          comm=furiosa-smi pid=3153173 tid=3153173
1021521917918999 MGMT_ADMIN_CMD          comm=furiosa-smi pid=3153173 tid=3153173
1021521921582113 MGMT_ADMIN_CMD          comm=furiosa-smi pid=3153173 tid=3153173
1021521925356096 MGMT_ADMIN_CMD          comm=furiosa-smi pid=3153173 tid=3153173
1021521929098412 MGMT_ADMIN_CMD          comm=furiosa-smi pid=3153173 tid=3153173
1021521932771405 MGMT_ADMIN_CMD          comm=furiosa-smi pid=3153173 tid=3153173
1021521936520074 MGMT_ADMIN_CMD          comm=furiosa-smi pid=3153173 tid=3153173
1021521940154189 MGMT_ADMIN_CMD          comm=furiosa-smi pid=3153173 tid=3153173
1021521943789217 MGMT_ADMIN_CMD          comm=furiosa-smi pid=3153173 tid=3153173
1021521953020824 MGMT_ADMIN_CMD          comm=furiosa-smi pid=3153173 tid=3153173
1021521956495489 MGMT_ADMIN_CMD          comm=furiosa-smi pid=3153173 tid=3153173
1021521959974328 MGMT_ADMIN_CMD          comm=furiosa-smi pid=3153173 tid=3153173
1021521963460198 MGMT_ADMIN_CMD          comm=furiosa-smi pid=3153173 tid=3153173
1021521967110856 MGMT_ADMIN_CMD          comm=furiosa-smi pid=3153173 tid=3153173
1021521970609307 MGMT_ADMIN_CMD          comm=furiosa-smi pid=3153173 tid=3153173
1021521974162447 MGMT_ADMIN_CMD          comm=furiosa-smi pid=3153173 tid=3153173
1021521977656002 MGMT_ADMIN_CMD          comm=furiosa-smi pid=3153173 tid=3153173
1021522766575259 MGMT_ADMIN_CMD          comm=tokio-runtime-w pid=3153720 tid=3153977
1021522768520673 MGMT_ADMIN_CMD          comm=tokio-runtime-w pid=3153720 tid=3153979
1021522778609841 MGMT_ADMIN_CMD          comm=tokio-runtime-w pid=3153720 tid=3153979
1021522778688528 MGMT_ADMIN_CMD          comm=tokio-runtime-w pid=3153720 tid=3153978
1021522788794400 MGMT_ADMIN_CMD          comm=tokio-runtime-w pid=3153720 tid=3153978
1021522788823603 MGMT_ADMIN_CMD          comm=tokio-runtime-w pid=3153720 tid=3153981
1021522797975714 MGMT_ADMIN_CMD          comm=tokio-runtime-w pid=3153720 tid=3153981
1021522798074815 MGMT_ADMIN_CMD          comm=tokio-runtime-w pid=3153720 tid=3153977
1021522927547715 MGMT_ADMIN_CMD          comm=tokio-runtime-w pid=3153720 tid=3153980
1021522936909385 MGMT_ADMIN_CMD          comm=tokio-runtime-w pid=3153720 tid=3153980
1021522944258965 MGMT_ADMIN_CMD          comm=tokio-runtime-w pid=3153720 tid=3153980
1021522948263570 MGMT_ADMIN_CMD          comm=tokio-runtime-w pid=3153720 tid=3153980
1021523100902234 MGMT_ADMIN_CMD          comm=tokio-runtime-w pid=3154000 tid=3154257
1021523102428381 MGMT_ADMIN_CMD          comm=tokio-runtime-w pid=3154000 tid=3154258
1021523111797731 MGMT_ADMIN_CMD          comm=tokio-runtime-w pid=3154000 tid=3154258
1021523111846336 MGMT_ADMIN_CMD          comm=tokio-runtime-w pid=3154000 tid=3154262
1021523121541280 MGMT_ADMIN_CMD          comm=tokio-runtime-w pid=3154000 tid=3154262
1021523121563370 MGMT_ADMIN_CMD          comm=tokio-runtime-w pid=3154000 tid=3154261
1021523130838900 MGMT_ADMIN_CMD          comm=tokio-runtime-w pid=3154000 tid=3154261
1021523130923050 MGMT_ADMIN_CMD          comm=tokio-runtime-w pid=3154000 tid=3154260
1021523142046899 MGMT_ADMIN_CMD          comm=furiosa-smi pid=3154000 tid=3154000
1021523145733913 MGMT_ADMIN_CMD          comm=furiosa-smi pid=3154000 tid=3154000
1021523149548212 MGMT_ADMIN_CMD          comm=furiosa-smi pid=3154000 tid=3154000
1021523153460257 MGMT_ADMIN_CMD          comm=furiosa-smi pid=3154000 tid=3154000
1021523157207594 MGMT_ADMIN_CMD          comm=furiosa-smi pid=3154000 tid=3154000
1021523160817172 MGMT_ADMIN_CMD          comm=furiosa-smi pid=3154000 tid=3154000
1021523164623588 MGMT_ADMIN_CMD          comm=furiosa-smi pid=3154000 tid=3154000
1021523168455118 MGMT_ADMIN_CMD          comm=furiosa-smi pid=3154000 tid=3154000
1021523175164894 MGMT_ADMIN_CMD          comm=furiosa-smi pid=3154000 tid=3154000
1021523178787243 MGMT_ADMIN_CMD          comm=furiosa-smi pid=3154000 tid=3154000
1021523182524853 MGMT_ADMIN_CMD          comm=furiosa-smi pid=3154000 tid=3154000
1021523186478058 MGMT_ADMIN_CMD          comm=furiosa-smi pid=3154000 tid=3154000
1021523189978697 MGMT_ADMIN_CMD          comm=furiosa-smi pid=3154000 tid=3154000
1021523193691802 MGMT_ADMIN_CMD          comm=furiosa-smi pid=3154000 tid=3154000
1021523197395644 MGMT_ADMIN_CMD          comm=furiosa-smi pid=3154000 tid=3154000
1021523201411498 MGMT_ADMIN_CMD          comm=furiosa-smi pid=3154000 tid=3154000
1021523208062235 MGMT_ADMIN_CMD          comm=furiosa-smi pid=3154000 tid=3154000
1021523211537529 MGMT_ADMIN_CMD          comm=furiosa-smi pid=3154000 tid=3154000
1021523215010931 MGMT_ADMIN_CMD          comm=furiosa-smi pid=3154000 tid=3154000
1021523218506018 MGMT_ADMIN_CMD          comm=furiosa-smi pid=3154000 tid=3154000
1021523221987095 MGMT_ADMIN_CMD          comm=furiosa-smi pid=3154000 tid=3154000
1021523225470380 MGMT_ADMIN_CMD          comm=furiosa-smi pid=3154000 tid=3154000
1021523229085104 MGMT_ADMIN_CMD          comm=furiosa-smi pid=3154000 tid=3154000
1021523232560269 MGMT_ADMIN_CMD          comm=furiosa-smi pid=3154000 tid=3154000
1021523239515053 MGMT_ADMIN_CMD          comm=furiosa-smi pid=3154000 tid=3154000
1021523243010384 MGMT_ADMIN_CMD          comm=furiosa-smi pid=3154000 tid=3154000
1021523246491318 MGMT_ADMIN_CMD          comm=furiosa-smi pid=3154000 tid=3154000
1021523249958590 MGMT_ADMIN_CMD          comm=furiosa-smi pid=3154000 tid=3154000
1021523253456242 MGMT_ADMIN_CMD          comm=furiosa-smi pid=3154000 tid=3154000
1021523256928442 MGMT_ADMIN_CMD          comm=furiosa-smi pid=3154000 tid=3154000
1021523260499482 MGMT_ADMIN_CMD          comm=furiosa-smi pid=3154000 tid=3154000
1021523263998357 MGMT_ADMIN_CMD          comm=furiosa-smi pid=3154000 tid=3154000
1021524052104498 MGMT_ADMIN_CMD          comm=tokio-runtime-w pid=3154526 tid=3154783
1021524053641653 MGMT_ADMIN_CMD          comm=tokio-runtime-w pid=3154526 tid=3154785
1021524063901380 MGMT_ADMIN_CMD          comm=tokio-runtime-w pid=3154526 tid=3154785
1021524063928885 MGMT_ADMIN_CMD          comm=tokio-runtime-w pid=3154526 tid=3154784
1021524075879953 MGMT_ADMIN_CMD          comm=tokio-runtime-w pid=3154526 tid=3154784
1021524075927769 MGMT_ADMIN_CMD          comm=tokio-runtime-w pid=3154526 tid=3154783
1021524086362597 MGMT_ADMIN_CMD          comm=tokio-runtime-w pid=3154526 tid=3154783
1021524086537554 MGMT_ADMIN_CMD          comm=tokio-runtime-w pid=3154526 tid=3154788
1021524217664209 MGMT_ADMIN_CMD          comm=tokio-runtime-w pid=3154526 tid=3154784
1021524224911805 MGMT_ADMIN_CMD          comm=tokio-runtime-w pid=3154526 tid=3154784
1021524231874546 MGMT_ADMIN_CMD          comm=tokio-runtime-w pid=3154526 tid=3154784
1021524242265942 MGMT_ADMIN_CMD          comm=tokio-runtime-w pid=3154526 tid=3154784
1021524407343545 MGMT_ADMIN_CMD          comm=tokio-runtime-w pid=3154789 tid=3155046
1021524408036085 MGMT_ADMIN_CMD          comm=tokio-runtime-w pid=3154789 tid=3155047
1021524418566958 MGMT_ADMIN_CMD          comm=tokio-runtime-w pid=3154789 tid=3155047
1021524418658072 MGMT_ADMIN_CMD          comm=tokio-runtime-w pid=3154789 tid=3155051
1021524428660703 MGMT_ADMIN_CMD          comm=tokio-runtime-w pid=3154789 tid=3155051
1021524428692087 MGMT_ADMIN_CMD          comm=tokio-runtime-w pid=3154789 tid=3155050
1021524438631319 MGMT_ADMIN_CMD          comm=tokio-runtime-w pid=3154789 tid=3155050
1021524438635893 MGMT_ADMIN_CMD          comm=tokio-runtime-w pid=3154789 tid=3155046
1021524450165933 MGMT_ADMIN_CMD          comm=furiosa-smi pid=3154789 tid=3154789
1021524453828957 MGMT_ADMIN_CMD          comm=furiosa-smi pid=3154789 tid=3154789
1021524457526892 MGMT_ADMIN_CMD          comm=furiosa-smi pid=3154789 tid=3154789
1021524461312272 MGMT_ADMIN_CMD          comm=furiosa-smi pid=3154789 tid=3154789
1021524464979537 MGMT_ADMIN_CMD          comm=furiosa-smi pid=3154789 tid=3154789
1021524468698390 MGMT_ADMIN_CMD          comm=furiosa-smi pid=3154789 tid=3154789
1021524472441133 MGMT_ADMIN_CMD          comm=furiosa-smi pid=3154789 tid=3154789
1021524476014297 MGMT_ADMIN_CMD          comm=furiosa-smi pid=3154789 tid=3154789
1021524482115491 MGMT_ADMIN_CMD          comm=furiosa-smi pid=3154789 tid=3154789
1021524485737355 MGMT_ADMIN_CMD          comm=furiosa-smi pid=3154789 tid=3154789
1021524489565423 MGMT_ADMIN_CMD          comm=furiosa-smi pid=3154789 tid=3154789
1021524493336466 MGMT_ADMIN_CMD          comm=furiosa-smi pid=3154789 tid=3154789
1021524497053361 MGMT_ADMIN_CMD          comm=furiosa-smi pid=3154789 tid=3154789
1021524500869041 MGMT_ADMIN_CMD          comm=furiosa-smi pid=3154789 tid=3154789
1021524504699983 MGMT_ADMIN_CMD          comm=furiosa-smi pid=3154789 tid=3154789
1021524508447881 MGMT_ADMIN_CMD          comm=furiosa-smi pid=3154789 tid=3154789
1021524517610601 MGMT_ADMIN_CMD          comm=furiosa-smi pid=3154789 tid=3154789
1021524521249194 MGMT_ADMIN_CMD          comm=furiosa-smi pid=3154789 tid=3154789
1021524524933202 MGMT_ADMIN_CMD          comm=furiosa-smi pid=3154789 tid=3154789
1021524528600704 MGMT_ADMIN_CMD          comm=furiosa-smi pid=3154789 tid=3154789
1021524532266797 MGMT_ADMIN_CMD          comm=furiosa-smi pid=3154789 tid=3154789
1021524536050180 MGMT_ADMIN_CMD          comm=furiosa-smi pid=3154789 tid=3154789
1021524539926305 MGMT_ADMIN_CMD          comm=furiosa-smi pid=3154789 tid=3154789
1021524543632482 MGMT_ADMIN_CMD          comm=furiosa-smi pid=3154789 tid=3154789
1021524554388208 MGMT_ADMIN_CMD          comm=furiosa-smi pid=3154789 tid=3154789
1021524558121431 MGMT_ADMIN_CMD          comm=furiosa-smi pid=3154789 tid=3154789
1021524562024155 MGMT_ADMIN_CMD          comm=furiosa-smi pid=3154789 tid=3154789
1021524565775466 MGMT_ADMIN_CMD          comm=furiosa-smi pid=3154789 tid=3154789
1021524569604197 MGMT_ADMIN_CMD          comm=furiosa-smi pid=3154789 tid=3154789
1021524573349409 MGMT_ADMIN_CMD          comm=furiosa-smi pid=3154789 tid=3154789
1021524577053650 MGMT_ADMIN_CMD          comm=furiosa-smi pid=3154789 tid=3154789
1021524580760531 MGMT_ADMIN_CMD          comm=furiosa-smi pid=3154789 tid=3154789
1021525438313933 MGMT_ADMIN_CMD          comm=tokio-runtime-w pid=3155310 tid=3155567
1021525439074840 MGMT_ADMIN_CMD          comm=tokio-runtime-w pid=3155310 tid=3155569
1021525451224809 MGMT_ADMIN_CMD          comm=tokio-runtime-w pid=3155310 tid=3155569
1021525451289435 MGMT_ADMIN_CMD          comm=tokio-runtime-w pid=3155310 tid=3155572
1021525462971453 MGMT_ADMIN_CMD          comm=tokio-runtime-w pid=3155310 tid=3155572
1021525463240404 MGMT_ADMIN_CMD          comm=tokio-runtime-w pid=3155310 tid=3155571
1021525474900819 MGMT_ADMIN_CMD          comm=tokio-runtime-w pid=3155310 tid=3155571
1021525474969126 MGMT_ADMIN_CMD          comm=tokio-runtime-w pid=3155310 tid=3155572
1021525621926044 MGMT_ADMIN_CMD          comm=tokio-runtime-w pid=3155310 tid=3155570
1021525632653140 MGMT_ADMIN_CMD          comm=tokio-runtime-w pid=3155310 tid=3155570
1021525642874705 MGMT_ADMIN_CMD          comm=tokio-runtime-w pid=3155310 tid=3155570
1021525652377877 MGMT_ADMIN_CMD          comm=tokio-runtime-w pid=3155310 tid=3155570
1021525825151578 MGMT_ADMIN_CMD          comm=tokio-runtime-w pid=3155573 tid=3155830
1021525825643619 MGMT_ADMIN_CMD          comm=tokio-runtime-w pid=3155573 tid=3155831
1021525834587531 MGMT_ADMIN_CMD          comm=tokio-runtime-w pid=3155573 tid=3155831
1021525834650817 MGMT_ADMIN_CMD          comm=tokio-runtime-w pid=3155573 tid=3155835
1021525844980345 MGMT_ADMIN_CMD          comm=tokio-runtime-w pid=3155573 tid=3155832
1021525844996543 MGMT_ADMIN_CMD          comm=tokio-runtime-w pid=3155573 tid=3155835
1021525854746713 MGMT_ADMIN_CMD          comm=tokio-runtime-w pid=3155573 tid=3155835
1021525854763066 MGMT_ADMIN_CMD          comm=tokio-runtime-w pid=3155573 tid=3155830
1021525867404947 MGMT_ADMIN_CMD          comm=furiosa-smi pid=3155573 tid=3155573
1021525871029875 MGMT_ADMIN_CMD          comm=furiosa-smi pid=3155573 tid=3155573
1021525874664755 MGMT_ADMIN_CMD          comm=furiosa-smi pid=3155573 tid=3155573
1021525878274516 MGMT_ADMIN_CMD          comm=furiosa-smi pid=3155573 tid=3155573
1021525881941986 MGMT_ADMIN_CMD          comm=furiosa-smi pid=3155573 tid=3155573
1021525885545519 MGMT_ADMIN_CMD          comm=furiosa-smi pid=3155573 tid=3155573
1021525889129321 MGMT_ADMIN_CMD          comm=furiosa-smi pid=3155573 tid=3155573
1021525892734909 MGMT_ADMIN_CMD          comm=furiosa-smi pid=3155573 tid=3155573
1021525899830627 MGMT_ADMIN_CMD          comm=furiosa-smi pid=3155573 tid=3155573
1021525903474211 MGMT_ADMIN_CMD          comm=furiosa-smi pid=3155573 tid=3155573
1021525907114265 MGMT_ADMIN_CMD          comm=furiosa-smi pid=3155573 tid=3155573
1021525910787792 MGMT_ADMIN_CMD          comm=furiosa-smi pid=3155573 tid=3155573
1021525914557416 MGMT_ADMIN_CMD          comm=furiosa-smi pid=3155573 tid=3155573
1021525918346789 MGMT_ADMIN_CMD          comm=furiosa-smi pid=3155573 tid=3155573
1021525921931368 MGMT_ADMIN_CMD          comm=furiosa-smi pid=3155573 tid=3155573
1021525925593684 MGMT_ADMIN_CMD          comm=furiosa-smi pid=3155573 tid=3155573
1021525931801329 MGMT_ADMIN_CMD          comm=furiosa-smi pid=3155573 tid=3155573
1021525935266616 MGMT_ADMIN_CMD          comm=furiosa-smi pid=3155573 tid=3155573
1021525938753532 MGMT_ADMIN_CMD          comm=furiosa-smi pid=3155573 tid=3155573
1021525942385387 MGMT_ADMIN_CMD          comm=furiosa-smi pid=3155573 tid=3155573
1021525946020572 MGMT_ADMIN_CMD          comm=furiosa-smi pid=3155573 tid=3155573
1021525949717578 MGMT_ADMIN_CMD          comm=furiosa-smi pid=3155573 tid=3155573
1021525953383948 MGMT_ADMIN_CMD          comm=furiosa-smi pid=3155573 tid=3155573
1021525956987846 MGMT_ADMIN_CMD          comm=furiosa-smi pid=3155573 tid=3155573
1021525963113728 MGMT_ADMIN_CMD          comm=furiosa-smi pid=3155573 tid=3155573
1021525966590428 MGMT_ADMIN_CMD          comm=furiosa-smi pid=3155573 tid=3155573
1021525970055048 MGMT_ADMIN_CMD          comm=furiosa-smi pid=3155573 tid=3155573
1021525973650737 MGMT_ADMIN_CMD          comm=furiosa-smi pid=3155573 tid=3155573
1021525977135048 MGMT_ADMIN_CMD          comm=furiosa-smi pid=3155573 tid=3155573
1021525980790294 MGMT_ADMIN_CMD          comm=furiosa-smi pid=3155573 tid=3155573
1021525984431496 MGMT_ADMIN_CMD          comm=furiosa-smi pid=3155573 tid=3155573
1021525988115940 MGMT_ADMIN_CMD          comm=furiosa-smi pid=3155573 tid=3155573
---- KTRACE heartbeat nsec=1021526306121526 ----
1021526845576377 MGMT_ADMIN_CMD          comm=tokio-runtime-w pid=3156094 tid=3156355
1021526846855707 MGMT_ADMIN_CMD          comm=tokio-runtime-w pid=3156094 tid=3156359
1021526858057640 MGMT_ADMIN_CMD          comm=tokio-runtime-w pid=3156094 tid=3156359
1021526858236429 MGMT_ADMIN_CMD          comm=tokio-runtime-w pid=3156094 tid=3156358
1021526867981015 MGMT_ADMIN_CMD          comm=tokio-runtime-w pid=3156094 tid=3156358
1021526868030608 MGMT_ADMIN_CMD          comm=tokio-runtime-w pid=3156094 tid=3156357
1021526877698341 MGMT_ADMIN_CMD          comm=tokio-runtime-w pid=3156094 tid=3156357
1021526877733976 MGMT_ADMIN_CMD          comm=tokio-runtime-w pid=3156094 tid=3156355
1021527004766924 MGMT_ADMIN_CMD          comm=tokio-runtime-w pid=3156094 tid=3156360
1021527009944372 MGMT_ADMIN_CMD          comm=tokio-runtime-w pid=3156094 tid=3156360
1021527014072231 MGMT_ADMIN_CMD          comm=tokio-runtime-w pid=3156094 tid=3156360
1021527019048603 MGMT_ADMIN_CMD          comm=tokio-runtime-w pid=3156094 tid=3156360
1021527197378955 MGMT_ADMIN_CMD          comm=tokio-runtime-w pid=3156373 tid=3156630
1021527198232468 MGMT_ADMIN_CMD          comm=tokio-runtime-w pid=3156373 tid=3156631
1021527208048198 MGMT_ADMIN_CMD          comm=tokio-runtime-w pid=3156373 tid=3156631
1021527208146106 MGMT_ADMIN_CMD          comm=tokio-runtime-w pid=3156373 tid=3156634
1021527217227967 MGMT_ADMIN_CMD          comm=tokio-runtime-w pid=3156373 tid=3156634
1021527217290796 MGMT_ADMIN_CMD          comm=tokio-runtime-w pid=3156373 tid=3156630
1021527226536752 MGMT_ADMIN_CMD          comm=tokio-runtime-w pid=3156373 tid=3156630
1021527226560813 MGMT_ADMIN_CMD          comm=tokio-runtime-w pid=3156373 tid=3156631
1021527236691348 MGMT_ADMIN_CMD          comm=furiosa-smi pid=3156373 tid=3156373
1021527240337492 MGMT_ADMIN_CMD          comm=furiosa-smi pid=3156373 tid=3156373
1021527243938828 MGMT_ADMIN_CMD          comm=furiosa-smi pid=3156373 tid=3156373
1021527247605729 MGMT_ADMIN_CMD          comm=furiosa-smi pid=3156373 tid=3156373
1021527251354595 MGMT_ADMIN_CMD          comm=furiosa-smi pid=3156373 tid=3156373
1021527255105389 MGMT_ADMIN_CMD          comm=furiosa-smi pid=3156373 tid=3156373
1021527258752796 MGMT_ADMIN_CMD          comm=furiosa-smi pid=3156373 tid=3156373
1021527262427944 MGMT_ADMIN_CMD          comm=furiosa-smi pid=3156373 tid=3156373
1021527269124204 MGMT_ADMIN_CMD          comm=furiosa-smi pid=3156373 tid=3156373
1021527272613683 MGMT_ADMIN_CMD          comm=furiosa-smi pid=3156373 tid=3156373
1021527276367700 MGMT_ADMIN_CMD          comm=furiosa-smi pid=3156373 tid=3156373
1021527280105492 MGMT_ADMIN_CMD          comm=furiosa-smi pid=3156373 tid=3156373
1021527283585525 MGMT_ADMIN_CMD          comm=furiosa-smi pid=3156373 tid=3156373
1021527287119982 MGMT_ADMIN_CMD          comm=furiosa-smi pid=3156373 tid=3156373
1021527290918045 MGMT_ADMIN_CMD          comm=furiosa-smi pid=3156373 tid=3156373
1021527294651153 MGMT_ADMIN_CMD          comm=furiosa-smi pid=3156373 tid=3156373
1021527305091777 MGMT_ADMIN_CMD          comm=furiosa-smi pid=3156373 tid=3156373
1021527308904741 MGMT_ADMIN_CMD          comm=furiosa-smi pid=3156373 tid=3156373
1021527312691199 MGMT_ADMIN_CMD          comm=furiosa-smi pid=3156373 tid=3156373
1021527316459294 MGMT_ADMIN_CMD          comm=furiosa-smi pid=3156373 tid=3156373
1021527320263493 MGMT_ADMIN_CMD          comm=furiosa-smi pid=3156373 tid=3156373
1021527324042901 MGMT_ADMIN_CMD          comm=furiosa-smi pid=3156373 tid=3156373
1021527327819813 MGMT_ADMIN_CMD          comm=furiosa-smi pid=3156373 tid=3156373
1021527331587671 MGMT_ADMIN_CMD          comm=furiosa-smi pid=3156373 tid=3156373
1021527342733202 MGMT_ADMIN_CMD          comm=furiosa-smi pid=3156373 tid=3156373
1021527346470950 MGMT_ADMIN_CMD          comm=furiosa-smi pid=3156373 tid=3156373
1021527350199635 MGMT_ADMIN_CMD          comm=furiosa-smi pid=3156373 tid=3156373
1021527353926343 MGMT_ADMIN_CMD          comm=furiosa-smi pid=3156373 tid=3156373
1021527357562171 MGMT_ADMIN_CMD          comm=furiosa-smi pid=3156373 tid=3156373
1021527361327223 MGMT_ADMIN_CMD          comm=furiosa-smi pid=3156373 tid=3156373
1021527365055446 MGMT_ADMIN_CMD          comm=furiosa-smi pid=3156373 tid=3156373
1021527368843310 MGMT_ADMIN_CMD          comm=furiosa-smi pid=3156373 tid=3156373
1021528050613413 MGMT_ADMIN_CMD          comm=tokio-runtime-w pid=3156910 tid=3157446
1021528051063577 MGMT_ADMIN_CMD          comm=tokio-runtime-w pid=3156910 tid=3157447
1021528063780611 MGMT_ADMIN_CMD          comm=tokio-runtime-w pid=3156910 tid=3157448
1021528064671408 MGMT_ADMIN_CMD          comm=tokio-runtime-w pid=3156910 tid=3157449
1021528075892354 MGMT_ADMIN_CMD          comm=tokio-runtime-w pid=3156910 tid=3157449
1021528076236159 MGMT_ADMIN_CMD          comm=tokio-runtime-w pid=3156910 tid=3157451
1021528087743818 MGMT_ADMIN_CMD          comm=tokio-runtime-w pid=3156910 tid=3157451
1021528088085869 MGMT_ADMIN_CMD          comm=tokio-runtime-w pid=3156910 tid=3157450
1021528214396124 MGMT_ADMIN_CMD          comm=tokio-runtime-w pid=3157189 tid=3157452
1021528214916348 MGMT_ADMIN_CMD          comm=tokio-runtime-w pid=3157189 tid=3157453
1021528227424994 MGMT_ADMIN_CMD          comm=tokio-runtime-w pid=3157189 tid=3157455
1021528227978885 MGMT_ADMIN_CMD          comm=tokio-runtime-w pid=3157189 tid=3157456
1021528229950879 MGMT_ADMIN_CMD          comm=tokio-runtime-w pid=3156910 tid=3157451
1021528235956649 MGMT_ADMIN_CMD          comm=tokio-runtime-w pid=3156910 tid=3157451
1021528239202965 MGMT_ADMIN_CMD          comm=tokio-runtime-w pid=3157189 tid=3157456
1021528239588500 MGMT_ADMIN_CMD          comm=tokio-runtime-w pid=3157189 tid=3157453
1021528242911985 MGMT_ADMIN_CMD          comm=tokio-runtime-w pid=3156910 tid=3157451
1021528251292229 MGMT_ADMIN_CMD          comm=tokio-runtime-w pid=3157189 tid=3157453
1021528252059600 MGMT_ADMIN_CMD          comm=tokio-runtime-w pid=3157189 tid=3157452
1021528254831424 MGMT_ADMIN_CMD          comm=tokio-runtime-w pid=3156910 tid=3157451
1021528401881429 MGMT_ADMIN_CMD          comm=tokio-runtime-w pid=3157189 tid=3157456
1021528409167735 MGMT_ADMIN_CMD          comm=tokio-runtime-w pid=3157189 tid=3157456
1021528415723085 MGMT_ADMIN_CMD          comm=tokio-runtime-w pid=3157189 tid=3157456
1021528422051905 MGMT_ADMIN_CMD          comm=tokio-runtime-w pid=3157189 tid=3157456
1021528616382199 MGMT_ADMIN_CMD          comm=tokio-runtime-w pid=3157464 tid=3157726
1021528617109303 MGMT_ADMIN_CMD          comm=tokio-runtime-w pid=3157464 tid=3157727
1021528629302179 MGMT_ADMIN_CMD          comm=tokio-runtime-w pid=3157464 tid=3157727
1021528629512052 MGMT_ADMIN_CMD          comm=tokio-runtime-w pid=3157464 tid=3157729
1021528642091072 MGMT_ADMIN_CMD          comm=tokio-runtime-w pid=3157464 tid=3157729
1021528642251864 MGMT_ADMIN_CMD          comm=tokio-runtime-w pid=3157464 tid=3157728
1021528654177918 MGMT_ADMIN_CMD          comm=tokio-runtime-w pid=3157464 tid=3157728
1021528654574628 MGMT_ADMIN_CMD          comm=tokio-runtime-w pid=3157464 tid=3157726
1021528669613334 MGMT_ADMIN_CMD          comm=furiosa-smi pid=3157464 tid=3157464
1021528673287321 MGMT_ADMIN_CMD          comm=furiosa-smi pid=3157464 tid=3157464
1021528677282321 MGMT_ADMIN_CMD          comm=furiosa-smi pid=3157464 tid=3157464
1021528680989970 MGMT_ADMIN_CMD          comm=furiosa-smi pid=3157464 tid=3157464
1021528684759019 MGMT_ADMIN_CMD          comm=furiosa-smi pid=3157464 tid=3157464
1021528688427111 MGMT_ADMIN_CMD          comm=furiosa-smi pid=3157464 tid=3157464
1021528692275052 MGMT_ADMIN_CMD          comm=furiosa-smi pid=3157464 tid=3157464
1021528696122849 MGMT_ADMIN_CMD          comm=furiosa-smi pid=3157464 tid=3157464
1021528704867906 MGMT_ADMIN_CMD          comm=furiosa-smi pid=3157464 tid=3157464
1021528708738777 MGMT_ADMIN_CMD          comm=furiosa-smi pid=3157464 tid=3157464
1021528712513097 MGMT_ADMIN_CMD          comm=furiosa-smi pid=3157464 tid=3157464
1021528716279099 MGMT_ADMIN_CMD          comm=furiosa-smi pid=3157464 tid=3157464
1021528719946700 MGMT_ADMIN_CMD          comm=furiosa-smi pid=3157464 tid=3157464
1021528723631061 MGMT_ADMIN_CMD          comm=furiosa-smi pid=3157464 tid=3157464
1021528727382176 MGMT_ADMIN_CMD          comm=furiosa-smi pid=3157464 tid=3157464
1021528731234272 MGMT_ADMIN_CMD          comm=furiosa-smi pid=3157464 tid=3157464
1021528740610305 MGMT_ADMIN_CMD          comm=furiosa-smi pid=3157464 tid=3157464
1021528744328689 MGMT_ADMIN_CMD          comm=furiosa-smi pid=3157464 tid=3157464
1021528748260451 MGMT_ADMIN_CMD          comm=furiosa-smi pid=3157464 tid=3157464
1021528752135673 MGMT_ADMIN_CMD          comm=furiosa-smi pid=3157464 tid=3157464
1021528755944223 MGMT_ADMIN_CMD          comm=furiosa-smi pid=3157464 tid=3157464
1021528759676616 MGMT_ADMIN_CMD          comm=furiosa-smi pid=3157464 tid=3157464
1021528763425233 MGMT_ADMIN_CMD          comm=furiosa-smi pid=3157464 tid=3157464
1021528767196101 MGMT_ADMIN_CMD          comm=furiosa-smi pid=3157464 tid=3157464
1021528776823439 MGMT_ADMIN_CMD          comm=furiosa-smi pid=3157464 tid=3157464
1021528780532643 MGMT_ADMIN_CMD          comm=furiosa-smi pid=3157464 tid=3157464
1021528784259177 MGMT_ADMIN_CMD          comm=furiosa-smi pid=3157464 tid=3157464
1021528787929489 MGMT_ADMIN_CMD          comm=furiosa-smi pid=3157464 tid=3157464
1021528791619619 MGMT_ADMIN_CMD          comm=furiosa-smi pid=3157464 tid=3157464
1021528795335291 MGMT_ADMIN_CMD          comm=furiosa-smi pid=3157464 tid=3157464
1021528799096458 MGMT_ADMIN_CMD          comm=furiosa-smi pid=3157464 tid=3157464
1021528802797849 MGMT_ADMIN_CMD          comm=furiosa-smi pid=3157464 tid=3157464
1021530479703549 MGMT_ADMIN_CMD          comm=tokio-runtime-w pid=3157999 tid=3158256
1021530480409329 MGMT_ADMIN_CMD          comm=tokio-runtime-w pid=3157999 tid=3158258
1021530492676895 MGMT_ADMIN_CMD          comm=tokio-runtime-w pid=3157999 tid=3158258
1021530492989615 MGMT_ADMIN_CMD          comm=tokio-runtime-w pid=3157999 tid=3158261
1021530504276839 MGMT_ADMIN_CMD          comm=tokio-runtime-w pid=3157999 tid=3158261
1021530504543344 MGMT_ADMIN_CMD          comm=tokio-runtime-w pid=3157999 tid=3158259
1021530515835305 MGMT_ADMIN_CMD          comm=tokio-runtime-w pid=3157999 tid=3158259
1021530516622351 MGMT_ADMIN_CMD          comm=tokio-runtime-w pid=3157999 tid=3158261
1021530664313525 MGMT_ADMIN_CMD          comm=tokio-runtime-w pid=3157999 tid=3158258
1021530670985495 MGMT_ADMIN_CMD          comm=tokio-runtime-w pid=3157999 tid=3158258
1021530678524502 MGMT_ADMIN_CMD          comm=tokio-runtime-w pid=3157999 tid=3158258
1021530685060627 MGMT_ADMIN_CMD          comm=tokio-runtime-w pid=3157999 tid=3158258
1021530902656920 MGMT_ADMIN_CMD          comm=tokio-runtime-w pid=3158262 tid=3158519
1021530904625225 MGMT_ADMIN_CMD          comm=tokio-runtime-w pid=3158262 tid=3158520
1021530915459921 MGMT_ADMIN_CMD          comm=tokio-runtime-w pid=3158262 tid=3158520
1021530915831784 MGMT_ADMIN_CMD          comm=tokio-runtime-w pid=3158262 tid=3158524
1021530927132256 MGMT_ADMIN_CMD          comm=tokio-runtime-w pid=3158262 tid=3158524
1021530927303734 MGMT_ADMIN_CMD          comm=tokio-runtime-w pid=3158262 tid=3158522
1021530938660681 MGMT_ADMIN_CMD          comm=tokio-runtime-w pid=3158262 tid=3158522
1021530939165791 MGMT_ADMIN_CMD          comm=tokio-runtime-w pid=3158262 tid=3158521
1021530955283316 MGMT_ADMIN_CMD          comm=furiosa-smi pid=3158262 tid=3158262
1021530958968733 MGMT_ADMIN_CMD          comm=furiosa-smi pid=3158262 tid=3158262
1021530962676817 MGMT_ADMIN_CMD          comm=furiosa-smi pid=3158262 tid=3158262
1021530966465015 MGMT_ADMIN_CMD          comm=furiosa-smi pid=3158262 tid=3158262
1021530970153257 MGMT_ADMIN_CMD          comm=furiosa-smi pid=3158262 tid=3158262
1021530973883299 MGMT_ADMIN_CMD          comm=furiosa-smi pid=3158262 tid=3158262
1021530977635466 MGMT_ADMIN_CMD          comm=furiosa-smi pid=3158262 tid=3158262
1021530981327906 MGMT_ADMIN_CMD          comm=furiosa-smi pid=3158262 tid=3158262
1021530990735309 MGMT_ADMIN_CMD          comm=furiosa-smi pid=3158262 tid=3158262
1021530994343159 MGMT_ADMIN_CMD          comm=furiosa-smi pid=3158262 tid=3158262
1021530998089673 MGMT_ADMIN_CMD          comm=furiosa-smi pid=3158262 tid=3158262
1021531001795959 MGMT_ADMIN_CMD          comm=furiosa-smi pid=3158262 tid=3158262
1021531005506182 MGMT_ADMIN_CMD          comm=furiosa-smi pid=3158262 tid=3158262
1021531009195382 MGMT_ADMIN_CMD          comm=furiosa-smi pid=3158262 tid=3158262
1021531012922604 MGMT_ADMIN_CMD          comm=furiosa-smi pid=3158262 tid=3158262
1021531016654686 MGMT_ADMIN_CMD          comm=furiosa-smi pid=3158262 tid=3158262
1021531026650725 MGMT_ADMIN_CMD          comm=furiosa-smi pid=3158262 tid=3158262
1021531030381560 MGMT_ADMIN_CMD          comm=furiosa-smi pid=3158262 tid=3158262
1021531034189825 MGMT_ADMIN_CMD          comm=furiosa-smi pid=3158262 tid=3158262
1021531037923771 MGMT_ADMIN_CMD          comm=furiosa-smi pid=3158262 tid=3158262
1021531041652320 MGMT_ADMIN_CMD          comm=furiosa-smi pid=3158262 tid=3158262
1021531045403732 MGMT_ADMIN_CMD          comm=furiosa-smi pid=3158262 tid=3158262
1021531049089527 MGMT_ADMIN_CMD          comm=furiosa-smi pid=3158262 tid=3158262
1021531052803789 MGMT_ADMIN_CMD          comm=furiosa-smi pid=3158262 tid=3158262
1021531062740974 MGMT_ADMIN_CMD          comm=furiosa-smi pid=3158262 tid=3158262
1021531066506918 MGMT_ADMIN_CMD          comm=furiosa-smi pid=3158262 tid=3158262
1021531070297249 MGMT_ADMIN_CMD          comm=furiosa-smi pid=3158262 tid=3158262
1021531073985850 MGMT_ADMIN_CMD          comm=furiosa-smi pid=3158262 tid=3158262
1021531077737148 MGMT_ADMIN_CMD          comm=furiosa-smi pid=3158262 tid=3158262
1021531081529570 MGMT_ADMIN_CMD          comm=furiosa-smi pid=3158262 tid=3158262
1021531085236944 MGMT_ADMIN_CMD          comm=furiosa-smi pid=3158262 tid=3158262
1021531088986462 MGMT_ADMIN_CMD          comm=furiosa-smi pid=3158262 tid=3158262
---- KTRACE heartbeat nsec=1021531333211885 ----
1021531939223947 MGMT_ADMIN_CMD          comm=tokio-runtime-w pid=3158783 tid=3159056
1021531941155132 MGMT_ADMIN_CMD          comm=tokio-runtime-w pid=3158783 tid=3159057
1021531951222702 MGMT_ADMIN_CMD          comm=tokio-runtime-w pid=3158783 tid=3159057
1021531951753696 MGMT_ADMIN_CMD          comm=tokio-runtime-w pid=3158783 tid=3159059
1021531962933748 MGMT_ADMIN_CMD          comm=tokio-runtime-w pid=3158783 tid=3159059
1021531963501965 MGMT_ADMIN_CMD          comm=tokio-runtime-w pid=3158783 tid=3159058
1021531974778997 MGMT_ADMIN_CMD          comm=tokio-runtime-w pid=3158783 tid=3159058
1021531975190228 MGMT_ADMIN_CMD          comm=tokio-runtime-w pid=3158783 tid=3159060
1021532122387612 MGMT_ADMIN_CMD          comm=tokio-runtime-w pid=3158783 tid=3159059
1021532129570768 MGMT_ADMIN_CMD          comm=tokio-runtime-w pid=3158783 tid=3159059
1021532136163343 MGMT_ADMIN_CMD          comm=tokio-runtime-w pid=3158783 tid=3159059
1021532143127372 MGMT_ADMIN_CMD          comm=tokio-runtime-w pid=3158783 tid=3159059
1021532372499417 MGMT_ADMIN_CMD          comm=tokio-runtime-w pid=3159062 tid=3159323
1021532374202582 MGMT_ADMIN_CMD          comm=tokio-runtime-w pid=3159062 tid=3159324
1021532385555577 MGMT_ADMIN_CMD          comm=tokio-runtime-w pid=3159062 tid=3159324
1021532385878497 MGMT_ADMIN_CMD          comm=tokio-runtime-w pid=3159062 tid=3159327
1021532397352127 MGMT_ADMIN_CMD          comm=tokio-runtime-w pid=3159062 tid=3159327
1021532398681003 MGMT_ADMIN_CMD          comm=tokio-runtime-w pid=3159062 tid=3159326
1021532409202849 MGMT_ADMIN_CMD          comm=tokio-runtime-w pid=3159062 tid=3159326
1021532409605898 MGMT_ADMIN_CMD          comm=tokio-runtime-w pid=3159062 tid=3159325
1021532426591027 MGMT_ADMIN_CMD          comm=furiosa-smi pid=3159062 tid=3159062
1021532430317318 MGMT_ADMIN_CMD          comm=furiosa-smi pid=3159062 tid=3159062
1021532433998742 MGMT_ADMIN_CMD          comm=furiosa-smi pid=3159062 tid=3159062
1021532437709538 MGMT_ADMIN_CMD          comm=furiosa-smi pid=3159062 tid=3159062
1021532441313140 MGMT_ADMIN_CMD          comm=furiosa-smi pid=3159062 tid=3159062
1021532445055470 MGMT_ADMIN_CMD          comm=furiosa-smi pid=3159062 tid=3159062
1021532448773845 MGMT_ADMIN_CMD          comm=furiosa-smi pid=3159062 tid=3159062
1021532452485641 MGMT_ADMIN_CMD          comm=furiosa-smi pid=3159062 tid=3159062
1021532462818471 MGMT_ADMIN_CMD          comm=furiosa-smi pid=3159062 tid=3159062
1021532466525547 MGMT_ADMIN_CMD          comm=furiosa-smi pid=3159062 tid=3159062
1021532470214519 MGMT_ADMIN_CMD          comm=furiosa-smi pid=3159062 tid=3159062
1021532473898922 MGMT_ADMIN_CMD          comm=furiosa-smi pid=3159062 tid=3159062
1021532477589313 MGMT_ADMIN_CMD          comm=furiosa-smi pid=3159062 tid=3159062
1021532481314706 MGMT_ADMIN_CMD          comm=furiosa-smi pid=3159062 tid=3159062
1021532485039068 MGMT_ADMIN_CMD          comm=furiosa-smi pid=3159062 tid=3159062
1021532488755184 MGMT_ADMIN_CMD          comm=furiosa-smi pid=3159062 tid=3159062
1021532498682950 MGMT_ADMIN_CMD          comm=furiosa-smi pid=3159062 tid=3159062
1021532502439063 MGMT_ADMIN_CMD          comm=furiosa-smi pid=3159062 tid=3159062
1021532506145388 MGMT_ADMIN_CMD          comm=furiosa-smi pid=3159062 tid=3159062
1021532509834327 MGMT_ADMIN_CMD          comm=furiosa-smi pid=3159062 tid=3159062
1021532513525133 MGMT_ADMIN_CMD          comm=furiosa-smi pid=3159062 tid=3159062
1021532517233902 MGMT_ADMIN_CMD          comm=furiosa-smi pid=3159062 tid=3159062
1021532521030836 MGMT_ADMIN_CMD          comm=furiosa-smi pid=3159062 tid=3159062
1021532524655051 MGMT_ADMIN_CMD          comm=furiosa-smi pid=3159062 tid=3159062
1021532535092862 MGMT_ADMIN_CMD          comm=furiosa-smi pid=3159062 tid=3159062
1021532538806928 MGMT_ADMIN_CMD          comm=furiosa-smi pid=3159062 tid=3159062
1021532542560021 MGMT_ADMIN_CMD          comm=furiosa-smi pid=3159062 tid=3159062
1021532546248775 MGMT_ADMIN_CMD          comm=furiosa-smi pid=3159062 tid=3159062
1021532550034667 MGMT_ADMIN_CMD          comm=furiosa-smi pid=3159062 tid=3159062
1021532553750535 MGMT_ADMIN_CMD          comm=furiosa-smi pid=3159062 tid=3159062
1021532557463599 MGMT_ADMIN_CMD          comm=furiosa-smi pid=3159062 tid=3159062
1021532561173524 MGMT_ADMIN_CMD          comm=furiosa-smi pid=3159062 tid=3159062
1021533386243294 MGMT_ADMIN_CMD          comm=tokio-runtime-w pid=3159618 tid=3159875
1021533386820452 MGMT_ADMIN_CMD          comm=tokio-runtime-w pid=3159618 tid=3159876
1021533398649133 MGMT_ADMIN_CMD          comm=tokio-runtime-w pid=3159618 tid=3159877
1021533398910989 MGMT_ADMIN_CMD          comm=tokio-runtime-w pid=3159618 tid=3159879
1021533410353070 MGMT_ADMIN_CMD          comm=tokio-runtime-w pid=3159618 tid=3159879
1021533410664684 MGMT_ADMIN_CMD          comm=tokio-runtime-w pid=3159618 tid=3159875
1021533421946657 MGMT_ADMIN_CMD          comm=tokio-runtime-w pid=3159618 tid=3159875
1021533422292845 MGMT_ADMIN_CMD          comm=tokio-runtime-w pid=3159618 tid=3159878
1021533568782100 MGMT_ADMIN_CMD          comm=tokio-runtime-w pid=3159618 tid=3159879
1021533576502299 MGMT_ADMIN_CMD          comm=tokio-runtime-w pid=3159618 tid=3159879
1021533583565866 MGMT_ADMIN_CMD          comm=tokio-runtime-w pid=3159618 tid=3159879
1021533590794056 MGMT_ADMIN_CMD          comm=tokio-runtime-w pid=3159618 tid=3159879
1021533805582034 MGMT_ADMIN_CMD          comm=tokio-runtime-w pid=3159887 tid=3160144
1021533807130548 MGMT_ADMIN_CMD          comm=tokio-runtime-w pid=3159887 tid=3160146
1021533818983548 MGMT_ADMIN_CMD          comm=tokio-runtime-w pid=3159887 tid=3160146
1021533819085569 MGMT_ADMIN_CMD          comm=tokio-runtime-w pid=3159887 tid=3160149
1021533830516865 MGMT_ADMIN_CMD          comm=tokio-runtime-w pid=3159887 tid=3160149
1021533830831228 MGMT_ADMIN_CMD          comm=tokio-runtime-w pid=3159887 tid=3160144
1021533842192849 MGMT_ADMIN_CMD          comm=tokio-runtime-w pid=3159887 tid=3160144
1021533842653420 MGMT_ADMIN_CMD          comm=tokio-runtime-w pid=3159887 tid=3160146
1021533858931502 MGMT_ADMIN_CMD          comm=furiosa-smi pid=3159887 tid=3159887
1021533862654348 MGMT_ADMIN_CMD          comm=furiosa-smi pid=3159887 tid=3159887
1021533866348277 MGMT_ADMIN_CMD          comm=furiosa-smi pid=3159887 tid=3159887
1021533870078825 MGMT_ADMIN_CMD          comm=furiosa-smi pid=3159887 tid=3159887
1021533873871278 MGMT_ADMIN_CMD          comm=furiosa-smi pid=3159887 tid=3159887
1021533877580698 MGMT_ADMIN_CMD          comm=furiosa-smi pid=3159887 tid=3159887
1021533881288172 MGMT_ADMIN_CMD          comm=furiosa-smi pid=3159887 tid=3159887
1021533885085391 MGMT_ADMIN_CMD          comm=furiosa-smi pid=3159887 tid=3159887
1021533940313736 MGMT_ADMIN_CMD          comm=furiosa-smi pid=3159887 tid=3159887
1021533944021459 MGMT_ADMIN_CMD          comm=furiosa-smi pid=3159887 tid=3159887
1021533947698597 MGMT_ADMIN_CMD          comm=furiosa-smi pid=3159887 tid=3159887
1021533951504076 MGMT_ADMIN_CMD          comm=furiosa-smi pid=3159887 tid=3159887
1021533955232862 MGMT_ADMIN_CMD          comm=furiosa-smi pid=3159887 tid=3159887
1021533958917206 MGMT_ADMIN_CMD          comm=furiosa-smi pid=3159887 tid=3159887
1021533962646786 MGMT_ADMIN_CMD          comm=furiosa-smi pid=3159887 tid=3159887
1021533966394360 MGMT_ADMIN_CMD          comm=furiosa-smi pid=3159887 tid=3159887
1021533974209903 MGMT_ADMIN_CMD          comm=furiosa-smi pid=3159887 tid=3159887
1021533977897497 MGMT_ADMIN_CMD          comm=furiosa-smi pid=3159887 tid=3159887
1021533981605367 MGMT_ADMIN_CMD          comm=furiosa-smi pid=3159887 tid=3159887
1021533985293363 MGMT_ADMIN_CMD          comm=furiosa-smi pid=3159887 tid=3159887
1021533989100029 MGMT_ADMIN_CMD          comm=furiosa-smi pid=3159887 tid=3159887
1021533992808453 MGMT_ADMIN_CMD          comm=furiosa-smi pid=3159887 tid=3159887
1021533996535070 MGMT_ADMIN_CMD          comm=furiosa-smi pid=3159887 tid=3159887
1021534000244995 MGMT_ADMIN_CMD          comm=furiosa-smi pid=3159887 tid=3159887
1021534009294494 MGMT_ADMIN_CMD          comm=furiosa-smi pid=3159887 tid=3159887
1021534012963977 MGMT_ADMIN_CMD          comm=furiosa-smi pid=3159887 tid=3159887
1021534016709816 MGMT_ADMIN_CMD          comm=furiosa-smi pid=3159887 tid=3159887
1021534020414987 MGMT_ADMIN_CMD          comm=furiosa-smi pid=3159887 tid=3159887
1021534024121989 MGMT_ADMIN_CMD          comm=furiosa-smi pid=3159887 tid=3159887
1021534027831908 MGMT_ADMIN_CMD          comm=furiosa-smi pid=3159887 tid=3159887
1021534031541449 MGMT_ADMIN_CMD          comm=furiosa-smi pid=3159887 tid=3159887
1021534035229222 MGMT_ADMIN_CMD          comm=furiosa-smi pid=3159887 tid=3159887
1021534893830951 MGMT_ADMIN_CMD          comm=tokio-runtime-w pid=3160408 tid=3160665
1021534895802801 MGMT_ADMIN_CMD          comm=tokio-runtime-w pid=3160408 tid=3160666
1021534907051178 MGMT_ADMIN_CMD          comm=tokio-runtime-w pid=3160408 tid=3160666
1021534907227083 MGMT_ADMIN_CMD          comm=tokio-runtime-w pid=3160408 tid=3160669
1021534918904064 MGMT_ADMIN_CMD          comm=tokio-runtime-w pid=3160408 tid=3160669
1021534919439948 MGMT_ADMIN_CMD          comm=tokio-runtime-w pid=3160408 tid=3160668
1021534930187254 MGMT_ADMIN_CMD          comm=tokio-runtime-w pid=3160408 tid=3160668
1021534930730097 MGMT_ADMIN_CMD          comm=tokio-runtime-w pid=3160408 tid=3160667
1021535078463382 MGMT_ADMIN_CMD          comm=tokio-runtime-w pid=3160408 tid=3160669
1021535086120637 MGMT_ADMIN_CMD          comm=tokio-runtime-w pid=3160408 tid=3160669
1021535092920614 MGMT_ADMIN_CMD          comm=tokio-runtime-w pid=3160408 tid=3160669
1021535099534472 MGMT_ADMIN_CMD          comm=tokio-runtime-w pid=3160408 tid=3160669
1021535309640502 MGMT_ADMIN_CMD          comm=tokio-runtime-w pid=3160671 tid=3160928
1021535310954827 MGMT_ADMIN_CMD          comm=tokio-runtime-w pid=3160671 tid=3160930
1021535321616733 MGMT_ADMIN_CMD          comm=tokio-runtime-w pid=3160671 tid=3160930
1021535321830636 MGMT_ADMIN_CMD          comm=tokio-runtime-w pid=3160671 tid=3160933
1021535333217439 MGMT_ADMIN_CMD          comm=tokio-runtime-w pid=3160671 tid=3160933
1021535333925752 MGMT_ADMIN_CMD          comm=tokio-runtime-w pid=3160671 tid=3160931
1021535344938923 MGMT_ADMIN_CMD          comm=tokio-runtime-w pid=3160671 tid=3160931
1021535345168045 MGMT_ADMIN_CMD          comm=tokio-runtime-w pid=3160671 tid=3160928
1021535361462120 MGMT_ADMIN_CMD          comm=furiosa-smi pid=3160671 tid=3160671
1021535365200883 MGMT_ADMIN_CMD          comm=furiosa-smi pid=3160671 tid=3160671
1021535368865251 MGMT_ADMIN_CMD          comm=furiosa-smi pid=3160671 tid=3160671
1021535372612755 MGMT_ADMIN_CMD          comm=furiosa-smi pid=3160671 tid=3160671
1021535376300306 MGMT_ADMIN_CMD          comm=furiosa-smi pid=3160671 tid=3160671
1021535380038570 MGMT_ADMIN_CMD          comm=furiosa-smi pid=3160671 tid=3160671
1021535383715539 MGMT_ADMIN_CMD          comm=furiosa-smi pid=3160671 tid=3160671
1021535387405128 MGMT_ADMIN_CMD          comm=furiosa-smi pid=3160671 tid=3160671
1021535397339782 MGMT_ADMIN_CMD          comm=furiosa-smi pid=3160671 tid=3160671
1021535401051036 MGMT_ADMIN_CMD          comm=furiosa-smi pid=3160671 tid=3160671
1021535404747143 MGMT_ADMIN_CMD          comm=furiosa-smi pid=3160671 tid=3160671
1021535408477115 MGMT_ADMIN_CMD          comm=furiosa-smi pid=3160671 tid=3160671
1021535412230753 MGMT_ADMIN_CMD          comm=furiosa-smi pid=3160671 tid=3160671
1021535415918743 MGMT_ADMIN_CMD          comm=furiosa-smi pid=3160671 tid=3160671
1021535419665553 MGMT_ADMIN_CMD          comm=furiosa-smi pid=3160671 tid=3160671
1021535423459023 MGMT_ADMIN_CMD          comm=furiosa-smi pid=3160671 tid=3160671
1021535433651222 MGMT_ADMIN_CMD          comm=furiosa-smi pid=3160671 tid=3160671
1021535437370020 MGMT_ADMIN_CMD          comm=furiosa-smi pid=3160671 tid=3160671
1021535441048160 MGMT_ADMIN_CMD          comm=furiosa-smi pid=3160671 tid=3160671
1021535444743954 MGMT_ADMIN_CMD          comm=furiosa-smi pid=3160671 tid=3160671
1021535448494886 MGMT_ADMIN_CMD          comm=furiosa-smi pid=3160671 tid=3160671
1021535452223566 MGMT_ADMIN_CMD          comm=furiosa-smi pid=3160671 tid=3160671
1021535455935340 MGMT_ADMIN_CMD          comm=furiosa-smi pid=3160671 tid=3160671
1021535459689447 MGMT_ADMIN_CMD          comm=furiosa-smi pid=3160671 tid=3160671
1021535470154207 MGMT_ADMIN_CMD          comm=furiosa-smi pid=3160671 tid=3160671
1021535473883900 MGMT_ADMIN_CMD          comm=furiosa-smi pid=3160671 tid=3160671
1021535477591822 MGMT_ADMIN_CMD          comm=furiosa-smi pid=3160671 tid=3160671
1021535481280999 MGMT_ADMIN_CMD          comm=furiosa-smi pid=3160671 tid=3160671
1021535485032828 MGMT_ADMIN_CMD          comm=furiosa-smi pid=3160671 tid=3160671
1021535488778651 MGMT_ADMIN_CMD          comm=furiosa-smi pid=3160671 tid=3160671
1021535492512966 MGMT_ADMIN_CMD          comm=furiosa-smi pid=3160671 tid=3160671
1021535496262730 MGMT_ADMIN_CMD          comm=furiosa-smi pid=3160671 tid=3160671
1021536336073544 MGMT_ADMIN_CMD          comm=tokio-runtime-w pid=3161200 tid=3161457
1021536337582642 MGMT_ADMIN_CMD          comm=tokio-runtime-w pid=3161200 tid=3161458
---- KTRACE heartbeat nsec=1021536340028865 ----
1021536349072470 MGMT_ADMIN_CMD          comm=tokio-runtime-w pid=3161200 tid=3161458
1021536349245470 MGMT_ADMIN_CMD          comm=tokio-runtime-w pid=3161200 tid=3161459
1021536360922994 MGMT_ADMIN_CMD          comm=tokio-runtime-w pid=3161200 tid=3161459
1021536361806788 MGMT_ADMIN_CMD          comm=tokio-runtime-w pid=3161200 tid=3161462
1021536372832109 MGMT_ADMIN_CMD          comm=tokio-runtime-w pid=3161200 tid=3161462
1021536373517796 MGMT_ADMIN_CMD          comm=tokio-runtime-w pid=3161200 tid=3161461
1021536518625479 MGMT_ADMIN_CMD          comm=tokio-runtime-w pid=3161200 tid=3161459
1021536529507881 MGMT_ADMIN_CMD          comm=tokio-runtime-w pid=3161200 tid=3161459
1021536540037360 MGMT_ADMIN_CMD          comm=tokio-runtime-w pid=3161200 tid=3161459
1021536546565532 MGMT_ADMIN_CMD          comm=tokio-runtime-w pid=3161200 tid=3161459
1021536762080648 MGMT_ADMIN_CMD          comm=tokio-runtime-w pid=3161463 tid=3161720
1021536762629743 MGMT_ADMIN_CMD          comm=tokio-runtime-w pid=3161463 tid=3161722
1021536774680640 MGMT_ADMIN_CMD          comm=tokio-runtime-w pid=3161463 tid=3161721
1021536775047628 MGMT_ADMIN_CMD          comm=tokio-runtime-w pid=3161463 tid=3161720
1021536785644028 MGMT_ADMIN_CMD          comm=tokio-runtime-w pid=3161463 tid=3161720
1021536786031871 MGMT_ADMIN_CMD          comm=tokio-runtime-w pid=3161463 tid=3161722
1021536797596814 MGMT_ADMIN_CMD          comm=tokio-runtime-w pid=3161463 tid=3161722
1021536797895729 MGMT_ADMIN_CMD          comm=tokio-runtime-w pid=3161463 tid=3161721
1021536814511460 MGMT_ADMIN_CMD          comm=furiosa-smi pid=3161463 tid=3161463
1021536818298625 MGMT_ADMIN_CMD          comm=furiosa-smi pid=3161463 tid=3161463
1021536822047237 MGMT_ADMIN_CMD          comm=furiosa-smi pid=3161463 tid=3161463
1021536825731237 MGMT_ADMIN_CMD          comm=furiosa-smi pid=3161463 tid=3161463
1021536829477308 MGMT_ADMIN_CMD          comm=furiosa-smi pid=3161463 tid=3161463
1021536833188581 MGMT_ADMIN_CMD          comm=furiosa-smi pid=3161463 tid=3161463
1021536836897392 MGMT_ADMIN_CMD          comm=furiosa-smi pid=3161463 tid=3161463
1021536840585669 MGMT_ADMIN_CMD          comm=furiosa-smi pid=3161463 tid=3161463
1021536850638978 MGMT_ADMIN_CMD          comm=furiosa-smi pid=3161463 tid=3161463
1021536854426656 MGMT_ADMIN_CMD          comm=furiosa-smi pid=3161463 tid=3161463
1021536858196124 MGMT_ADMIN_CMD          comm=furiosa-smi pid=3161463 tid=3161463
1021536861778479 MGMT_ADMIN_CMD          comm=furiosa-smi pid=3161463 tid=3161463
1021536865425917 MGMT_ADMIN_CMD          comm=furiosa-smi pid=3161463 tid=3161463
1021536869116687 MGMT_ADMIN_CMD          comm=furiosa-smi pid=3161463 tid=3161463
1021536872799232 MGMT_ADMIN_CMD          comm=furiosa-smi pid=3161463 tid=3161463
1021536876553932 MGMT_ADMIN_CMD          comm=furiosa-smi pid=3161463 tid=3161463
1021536886993444 MGMT_ADMIN_CMD          comm=furiosa-smi pid=3161463 tid=3161463
1021536890811098 MGMT_ADMIN_CMD          comm=furiosa-smi pid=3161463 tid=3161463
1021536894601413 MGMT_ADMIN_CMD          comm=furiosa-smi pid=3161463 tid=3161463
1021536898353319 MGMT_ADMIN_CMD          comm=furiosa-smi pid=3161463 tid=3161463
1021536902103430 MGMT_ADMIN_CMD          comm=furiosa-smi pid=3161463 tid=3161463
1021536905817364 MGMT_ADMIN_CMD          comm=furiosa-smi pid=3161463 tid=3161463
1021536909502037 MGMT_ADMIN_CMD          comm=furiosa-smi pid=3161463 tid=3161463
1021536913211785 MGMT_ADMIN_CMD          comm=furiosa-smi pid=3161463 tid=3161463
1021536923657999 MGMT_ADMIN_CMD          comm=furiosa-smi pid=3161463 tid=3161463
1021536927387399 MGMT_ADMIN_CMD          comm=furiosa-smi pid=3161463 tid=3161463
1021536931076767 MGMT_ADMIN_CMD          comm=furiosa-smi pid=3161463 tid=3161463
1021536934828122 MGMT_ADMIN_CMD          comm=furiosa-smi pid=3161463 tid=3161463
1021536938538016 MGMT_ADMIN_CMD          comm=furiosa-smi pid=3161463 tid=3161463
1021536942271788 MGMT_ADMIN_CMD          comm=furiosa-smi pid=3161463 tid=3161463
1021536945978503 MGMT_ADMIN_CMD          comm=furiosa-smi pid=3161463 tid=3161463
1021536949686370 MGMT_ADMIN_CMD          comm=furiosa-smi pid=3161463 tid=3161463
1021537807419145 MGMT_ADMIN_CMD          comm=tokio-runtime-w pid=3162011 tid=3162268
1021537808523671 MGMT_ADMIN_CMD          comm=tokio-runtime-w pid=3162011 tid=3162269
1021537818192727 MGMT_ADMIN_CMD          comm=tokio-runtime-w pid=3162011 tid=3162269
1021537818577117 MGMT_ADMIN_CMD          comm=tokio-runtime-w pid=3162011 tid=3162271
1021537829862077 MGMT_ADMIN_CMD          comm=tokio-runtime-w pid=3162011 tid=3162271
1021537830204903 MGMT_ADMIN_CMD          comm=tokio-runtime-w pid=3162011 tid=3162268
1021537841540608 MGMT_ADMIN_CMD          comm=tokio-runtime-w pid=3162011 tid=3162268
1021537841953532 MGMT_ADMIN_CMD          comm=tokio-runtime-w pid=3162011 tid=3162273
1021537988493852 MGMT_ADMIN_CMD          comm=tokio-runtime-w pid=3162011 tid=3162269
1021537996030949 MGMT_ADMIN_CMD          comm=tokio-runtime-w pid=3162011 tid=3162269
1021538004282724 MGMT_ADMIN_CMD          comm=tokio-runtime-w pid=3162011 tid=3162269
1021538015709498 MGMT_ADMIN_CMD          comm=tokio-runtime-w pid=3162011 tid=3162269
1021538146130024 MGMT_ADMIN_CMD          comm=tokio-runtime-w pid=3162280 tid=3162815
1021538147231954 MGMT_ADMIN_CMD          comm=tokio-runtime-w pid=3162280 tid=3162819
1021538159468018 MGMT_ADMIN_CMD          comm=tokio-runtime-w pid=3162280 tid=3162819
1021538159799089 MGMT_ADMIN_CMD          comm=tokio-runtime-w pid=3162280 tid=3162818
1021538171213080 MGMT_ADMIN_CMD          comm=tokio-runtime-w pid=3162280 tid=3162818
1021538171539838 MGMT_ADMIN_CMD          comm=tokio-runtime-w pid=3162280 tid=3162817
1021538183416530 MGMT_ADMIN_CMD          comm=tokio-runtime-w pid=3162280 tid=3162817
1021538183717745 MGMT_ADMIN_CMD          comm=tokio-runtime-w pid=3162280 tid=3162815
1021538233530701 MGMT_ADMIN_CMD          comm=tokio-runtime-w pid=3162558 tid=3162821
1021538234341241 MGMT_ADMIN_CMD          comm=tokio-runtime-w pid=3162558 tid=3162823
1021538246644447 MGMT_ADMIN_CMD          comm=tokio-runtime-w pid=3162558 tid=3162823
1021538246784098 MGMT_ADMIN_CMD          comm=tokio-runtime-w pid=3162558 tid=3162826
1021538258449090 MGMT_ADMIN_CMD          comm=tokio-runtime-w pid=3162558 tid=3162826
1021538259103153 MGMT_ADMIN_CMD          comm=tokio-runtime-w pid=3162558 tid=3162825
1021538270046097 MGMT_ADMIN_CMD          comm=tokio-runtime-w pid=3162558 tid=3162825
1021538270361791 MGMT_ADMIN_CMD          comm=tokio-runtime-w pid=3162558 tid=3162824
1021538286491470 MGMT_ADMIN_CMD          comm=furiosa-smi pid=3162558 tid=3162558
1021538290258545 MGMT_ADMIN_CMD          comm=furiosa-smi pid=3162558 tid=3162558
1021538293940392 MGMT_ADMIN_CMD          comm=furiosa-smi pid=3162558 tid=3162558
1021538297648700 MGMT_ADMIN_CMD          comm=furiosa-smi pid=3162558 tid=3162558
1021538301336135 MGMT_ADMIN_CMD          comm=furiosa-smi pid=3162558 tid=3162558
1021538305038378 MGMT_ADMIN_CMD          comm=furiosa-smi pid=3162558 tid=3162558
1021538308692275 MGMT_ADMIN_CMD          comm=furiosa-smi pid=3162558 tid=3162558
1021538312309993 MGMT_ADMIN_CMD          comm=furiosa-smi pid=3162558 tid=3162558
1021538323123799 MGMT_ADMIN_CMD          comm=furiosa-smi pid=3162558 tid=3162558
1021538326842549 MGMT_ADMIN_CMD          comm=furiosa-smi pid=3162558 tid=3162558
1021538329469961 MGMT_ADMIN_CMD          comm=tokio-runtime-w pid=3162280 tid=3162818
1021538330595672 MGMT_ADMIN_CMD          comm=furiosa-smi pid=3162558 tid=3162558
1021538334330504 MGMT_ADMIN_CMD          comm=furiosa-smi pid=3162558 tid=3162558
1021538337141541 MGMT_ADMIN_CMD          comm=tokio-runtime-w pid=3162280 tid=3162818
1021538338055416 MGMT_ADMIN_CMD          comm=furiosa-smi pid=3162558 tid=3162558
1021538341791653 MGMT_ADMIN_CMD          comm=furiosa-smi pid=3162558 tid=3162558
1021538345828456 MGMT_ADMIN_CMD          comm=furiosa-smi pid=3162558 tid=3162558
1021538348688531 MGMT_ADMIN_CMD          comm=tokio-runtime-w pid=3162280 tid=3162818
1021538349535976 MGMT_ADMIN_CMD          comm=furiosa-smi pid=3162558 tid=3162558
1021538356782627 MGMT_ADMIN_CMD          comm=tokio-runtime-w pid=3162280 tid=3162818
1021538360528511 MGMT_ADMIN_CMD          comm=furiosa-smi pid=3162558 tid=3162558
1021538364333497 MGMT_ADMIN_CMD          comm=furiosa-smi pid=3162558 tid=3162558
1021538368201568 MGMT_ADMIN_CMD          comm=furiosa-smi pid=3162558 tid=3162558
1021538372025057 MGMT_ADMIN_CMD          comm=furiosa-smi pid=3162558 tid=3162558
1021538375820040 MGMT_ADMIN_CMD          comm=furiosa-smi pid=3162558 tid=3162558
1021538379526999 MGMT_ADMIN_CMD          comm=furiosa-smi pid=3162558 tid=3162558
1021538383461131 MGMT_ADMIN_CMD          comm=furiosa-smi pid=3162558 tid=3162558
1021538387433252 MGMT_ADMIN_CMD          comm=furiosa-smi pid=3162558 tid=3162558
1021538398451538 MGMT_ADMIN_CMD          comm=furiosa-smi pid=3162558 tid=3162558
1021538402212157 MGMT_ADMIN_CMD          comm=furiosa-smi pid=3162558 tid=3162558
1021538405920463 MGMT_ADMIN_CMD          comm=furiosa-smi pid=3162558 tid=3162558
1021538409707121 MGMT_ADMIN_CMD          comm=furiosa-smi pid=3162558 tid=3162558
1021538413598381 MGMT_ADMIN_CMD          comm=furiosa-smi pid=3162558 tid=3162558
1021538417473439 MGMT_ADMIN_CMD          comm=furiosa-smi pid=3162558 tid=3162558
1021538421465370 MGMT_ADMIN_CMD          comm=furiosa-smi pid=3162558 tid=3162558
1021538425479761 MGMT_ADMIN_CMD          comm=furiosa-smi pid=3162558 tid=3162558
1021539262560757 MGMT_ADMIN_CMD          comm=tokio-runtime-w pid=3163090 tid=3163347
1021539263171209 MGMT_ADMIN_CMD          comm=tokio-runtime-w pid=3163090 tid=3163348
1021539275830680 MGMT_ADMIN_CMD          comm=tokio-runtime-w pid=3163090 tid=3163348
1021539276130678 MGMT_ADMIN_CMD          comm=tokio-runtime-w pid=3163090 tid=3163351
1021539287706873 MGMT_ADMIN_CMD          comm=tokio-runtime-w pid=3163090 tid=3163351
1021539288039664 MGMT_ADMIN_CMD          comm=tokio-runtime-w pid=3163090 tid=3163347
1021539299255834 MGMT_ADMIN_CMD          comm=tokio-runtime-w pid=3163090 tid=3163347
1021539299888214 MGMT_ADMIN_CMD          comm=tokio-runtime-w pid=3163090 tid=3163351
1021539445367146 MGMT_ADMIN_CMD          comm=tokio-runtime-w pid=3163090 tid=3163349
1021539452777834 MGMT_ADMIN_CMD          comm=tokio-runtime-w pid=3163090 tid=3163349
1021539460049616 MGMT_ADMIN_CMD          comm=tokio-runtime-w pid=3163090 tid=3163349
1021539467444336 MGMT_ADMIN_CMD          comm=tokio-runtime-w pid=3163090 tid=3163349
1021539691280114 MGMT_ADMIN_CMD          comm=tokio-runtime-w pid=3163353 tid=3163610
1021539693209728 MGMT_ADMIN_CMD          comm=tokio-runtime-w pid=3163353 tid=3163611
1021539703152864 MGMT_ADMIN_CMD          comm=tokio-runtime-w pid=3163353 tid=3163611
1021539703744464 MGMT_ADMIN_CMD          comm=tokio-runtime-w pid=3163353 tid=3163613
1021539715120855 MGMT_ADMIN_CMD          comm=tokio-runtime-w pid=3163353 tid=3163613
1021539715605390 MGMT_ADMIN_CMD          comm=tokio-runtime-w pid=3163353 tid=3163615
1021539726923829 MGMT_ADMIN_CMD          comm=tokio-runtime-w pid=3163353 tid=3163615
1021539727985359 MGMT_ADMIN_CMD          comm=tokio-runtime-w pid=3163353 tid=3163610
1021539743735971 MGMT_ADMIN_CMD          comm=furiosa-smi pid=3163353 tid=3163353
1021539747456426 MGMT_ADMIN_CMD          comm=furiosa-smi pid=3163353 tid=3163353
1021539751216733 MGMT_ADMIN_CMD          comm=furiosa-smi pid=3163353 tid=3163353
1021539754926392 MGMT_ADMIN_CMD          comm=furiosa-smi pid=3163353 tid=3163353
1021539758630916 MGMT_ADMIN_CMD          comm=furiosa-smi pid=3163353 tid=3163353
1021539762337708 MGMT_ADMIN_CMD          comm=furiosa-smi pid=3163353 tid=3163353
1021539766058025 MGMT_ADMIN_CMD          comm=furiosa-smi pid=3163353 tid=3163353
1021539769796287 MGMT_ADMIN_CMD          comm=furiosa-smi pid=3163353 tid=3163353
1021539778929070 MGMT_ADMIN_CMD          comm=furiosa-smi pid=3163353 tid=3163353
1021539782637432 MGMT_ADMIN_CMD          comm=furiosa-smi pid=3163353 tid=3163353
1021539786363148 MGMT_ADMIN_CMD          comm=furiosa-smi pid=3163353 tid=3163353
1021539790111621 MGMT_ADMIN_CMD          comm=furiosa-smi pid=3163353 tid=3163353
1021539793818160 MGMT_ADMIN_CMD          comm=furiosa-smi pid=3163353 tid=3163353
1021539797504121 MGMT_ADMIN_CMD          comm=furiosa-smi pid=3163353 tid=3163353
1021539801273772 MGMT_ADMIN_CMD          comm=furiosa-smi pid=3163353 tid=3163353
1021539805041990 MGMT_ADMIN_CMD          comm=furiosa-smi pid=3163353 tid=3163353
1021539814324388 MGMT_ADMIN_CMD          comm=furiosa-smi pid=3163353 tid=3163353
1021539818061664 MGMT_ADMIN_CMD          comm=furiosa-smi pid=3163353 tid=3163353
1021539821786296 MGMT_ADMIN_CMD          comm=furiosa-smi pid=3163353 tid=3163353
1021539825574784 MGMT_ADMIN_CMD          comm=furiosa-smi pid=3163353 tid=3163353
1021539829262174 MGMT_ADMIN_CMD          comm=furiosa-smi pid=3163353 tid=3163353
1021539832949046 MGMT_ADMIN_CMD          comm=furiosa-smi pid=3163353 tid=3163353
1021539836741287 MGMT_ADMIN_CMD          comm=furiosa-smi pid=3163353 tid=3163353
1021539840448746 MGMT_ADMIN_CMD          comm=furiosa-smi pid=3163353 tid=3163353
1021539849991797 MGMT_ADMIN_CMD          comm=furiosa-smi pid=3163353 tid=3163353
1021539853775971 MGMT_ADMIN_CMD          comm=furiosa-smi pid=3163353 tid=3163353
1021539857484467 MGMT_ADMIN_CMD          comm=furiosa-smi pid=3163353 tid=3163353
1021539861171208 MGMT_ADMIN_CMD          comm=furiosa-smi pid=3163353 tid=3163353
1021539864877134 MGMT_ADMIN_CMD          comm=furiosa-smi pid=3163353 tid=3163353
1021539868749165 MGMT_ADMIN_CMD          comm=furiosa-smi pid=3163353 tid=3163353
1021539872456500 MGMT_ADMIN_CMD          comm=furiosa-smi pid=3163353 tid=3163353
1021539876164727 MGMT_ADMIN_CMD          comm=furiosa-smi pid=3163353 tid=3163353
1021540744180101 MGMT_ADMIN_CMD          comm=tokio-runtime-w pid=3163895 tid=3164152
1021540746109142 MGMT_ADMIN_CMD          comm=tokio-runtime-w pid=3163895 tid=3164153
1021540756467071 MGMT_ADMIN_CMD          comm=tokio-runtime-w pid=3163895 tid=3164153
1021540756627151 MGMT_ADMIN_CMD          comm=tokio-runtime-w pid=3163895 tid=3164155
1021540768208584 MGMT_ADMIN_CMD          comm=tokio-runtime-w pid=3163895 tid=3164155
1021540768817281 MGMT_ADMIN_CMD          comm=tokio-runtime-w pid=3163895 tid=3164153
1021540779799388 MGMT_ADMIN_CMD          comm=tokio-runtime-w pid=3163895 tid=3164153
1021540780059508 MGMT_ADMIN_CMD          comm=tokio-runtime-w pid=3163895 tid=3164156
1021540926913773 MGMT_ADMIN_CMD          comm=tokio-runtime-w pid=3163895 tid=3164155
1021540934090699 MGMT_ADMIN_CMD          comm=tokio-runtime-w pid=3163895 tid=3164155
1021540940633646 MGMT_ADMIN_CMD          comm=tokio-runtime-w pid=3163895 tid=3164155
1021540947770358 MGMT_ADMIN_CMD          comm=tokio-runtime-w pid=3163895 tid=3164155
1021541162934705 MGMT_ADMIN_CMD          comm=tokio-runtime-w pid=3164158 tid=3164415
1021541163739651 MGMT_ADMIN_CMD          comm=tokio-runtime-w pid=3164158 tid=3164418
1021541176443209 MGMT_ADMIN_CMD          comm=tokio-runtime-w pid=3164158 tid=3164418
1021541176493546 MGMT_ADMIN_CMD          comm=tokio-runtime-w pid=3164158 tid=3164416
1021541186362838 MGMT_ADMIN_CMD          comm=tokio-runtime-w pid=3164158 tid=3164416
1021541186411518 MGMT_ADMIN_CMD          comm=tokio-runtime-w pid=3164158 tid=3164415
1021541197513112 MGMT_ADMIN_CMD          comm=tokio-runtime-w pid=3164158 tid=3164415
1021541197596462 MGMT_ADMIN_CMD          comm=tokio-runtime-w pid=3164158 tid=3164416
1021541210837373 MGMT_ADMIN_CMD          comm=furiosa-smi pid=3164158 tid=3164158
1021541214455539 MGMT_ADMIN_CMD          comm=furiosa-smi pid=3164158 tid=3164158
1021541218203344 MGMT_ADMIN_CMD          comm=furiosa-smi pid=3164158 tid=3164158
1021541221786068 MGMT_ADMIN_CMD          comm=furiosa-smi pid=3164158 tid=3164158
1021541225472988 MGMT_ADMIN_CMD          comm=furiosa-smi pid=3164158 tid=3164158
1021541229164489 MGMT_ADMIN_CMD          comm=furiosa-smi pid=3164158 tid=3164158
1021541232824990 MGMT_ADMIN_CMD          comm=furiosa-smi pid=3164158 tid=3164158
1021541236520450 MGMT_ADMIN_CMD          comm=furiosa-smi pid=3164158 tid=3164158
1021541243032540 MGMT_ADMIN_CMD          comm=furiosa-smi pid=3164158 tid=3164158
1021541246695921 MGMT_ADMIN_CMD          comm=furiosa-smi pid=3164158 tid=3164158
1021541250409489 MGMT_ADMIN_CMD          comm=furiosa-smi pid=3164158 tid=3164158
1021541254099468 MGMT_ADMIN_CMD          comm=furiosa-smi pid=3164158 tid=3164158
1021541257691544 MGMT_ADMIN_CMD          comm=furiosa-smi pid=3164158 tid=3164158
1021541261447055 MGMT_ADMIN_CMD          comm=furiosa-smi pid=3164158 tid=3164158
1021541265118849 MGMT_ADMIN_CMD          comm=furiosa-smi pid=3164158 tid=3164158
1021541268757007 MGMT_ADMIN_CMD          comm=furiosa-smi pid=3164158 tid=3164158
1021541275722603 MGMT_ADMIN_CMD          comm=furiosa-smi pid=3164158 tid=3164158
1021541279544685 MGMT_ADMIN_CMD          comm=furiosa-smi pid=3164158 tid=3164158
1021541283441731 MGMT_ADMIN_CMD          comm=furiosa-smi pid=3164158 tid=3164158
1021541287227193 MGMT_ADMIN_CMD          comm=furiosa-smi pid=3164158 tid=3164158
1021541290741716 MGMT_ADMIN_CMD          comm=furiosa-smi pid=3164158 tid=3164158
1021541294335398 MGMT_ADMIN_CMD          comm=furiosa-smi pid=3164158 tid=3164158
1021541297871840 MGMT_ADMIN_CMD          comm=furiosa-smi pid=3164158 tid=3164158
1021541301415266 MGMT_ADMIN_CMD          comm=furiosa-smi pid=3164158 tid=3164158
1021541307750592 MGMT_ADMIN_CMD          comm=furiosa-smi pid=3164158 tid=3164158
1021541311463111 MGMT_ADMIN_CMD          comm=furiosa-smi pid=3164158 tid=3164158
1021541315295823 MGMT_ADMIN_CMD          comm=furiosa-smi pid=3164158 tid=3164158
1021541318999162 MGMT_ADMIN_CMD          comm=furiosa-smi pid=3164158 tid=3164158
1021541322623497 MGMT_ADMIN_CMD          comm=furiosa-smi pid=3164158 tid=3164158
1021541326305925 MGMT_ADMIN_CMD          comm=furiosa-smi pid=3164158 tid=3164158
1021541330446457 MGMT_ADMIN_CMD          comm=furiosa-smi pid=3164158 tid=3164158
1021541334026325 MGMT_ADMIN_CMD          comm=furiosa-smi pid=3164158 tid=3164158
---- KTRACE heartbeat nsec=1021541342034786 ----
1021542131497217 MGMT_ADMIN_CMD          comm=tokio-runtime-w pid=3164695 tid=3164952
1021542132233891 MGMT_ADMIN_CMD          comm=tokio-runtime-w pid=3164695 tid=3164954
1021542144595072 MGMT_ADMIN_CMD          comm=tokio-runtime-w pid=3164695 tid=3164955
1021542144882081 MGMT_ADMIN_CMD          comm=tokio-runtime-w pid=3164695 tid=3164952
1021542156648740 MGMT_ADMIN_CMD          comm=tokio-runtime-w pid=3164695 tid=3164952
1021542156929416 MGMT_ADMIN_CMD          comm=tokio-runtime-w pid=3164695 tid=3164954
1021542168068476 MGMT_ADMIN_CMD          comm=tokio-runtime-w pid=3164695 tid=3164954
1021542168238573 MGMT_ADMIN_CMD          comm=tokio-runtime-w pid=3164695 tid=3164955
1021542315195921 MGMT_ADMIN_CMD          comm=tokio-runtime-w pid=3164695 tid=3164952
1021542325082536 MGMT_ADMIN_CMD          comm=tokio-runtime-w pid=3164695 tid=3164952
1021542335039109 MGMT_ADMIN_CMD          comm=tokio-runtime-w pid=3164695 tid=3164952
1021542343621379 MGMT_ADMIN_CMD          comm=tokio-runtime-w pid=3164695 tid=3164952
1021542621413192 MGMT_ADMIN_CMD          comm=tokio-runtime-w pid=3164962 tid=3165226
1021542622473254 MGMT_ADMIN_CMD          comm=tokio-runtime-w pid=3164962 tid=3165227
1021542632971098 MGMT_ADMIN_CMD          comm=tokio-runtime-w pid=3164962 tid=3165227
1021542633123013 MGMT_ADMIN_CMD          comm=tokio-runtime-w pid=3164962 tid=3165231
1021542643060684 MGMT_ADMIN_CMD          comm=tokio-runtime-w pid=3164962 tid=3165230
1021542643061979 MGMT_ADMIN_CMD          comm=tokio-runtime-w pid=3164962 tid=3165231
1021542654594298 MGMT_ADMIN_CMD          comm=tokio-runtime-w pid=3164962 tid=3165230
1021542654872275 MGMT_ADMIN_CMD          comm=tokio-runtime-w pid=3164962 tid=3165226
1021542664683523 MGMT_ADMIN_CMD          comm=furiosa-smi pid=3164962 tid=3164962
1021542668179717 MGMT_ADMIN_CMD          comm=furiosa-smi pid=3164962 tid=3164962
1021542671655579 MGMT_ADMIN_CMD          comm=furiosa-smi pid=3164962 tid=3164962
1021542675145040 MGMT_ADMIN_CMD          comm=furiosa-smi pid=3164962 tid=3164962
1021542678616793 MGMT_ADMIN_CMD          comm=furiosa-smi pid=3164962 tid=3164962
1021542682556201 MGMT_ADMIN_CMD          comm=furiosa-smi pid=3164962 tid=3164962
1021542686108301 MGMT_ADMIN_CMD          comm=furiosa-smi pid=3164962 tid=3164962
1021542689722283 MGMT_ADMIN_CMD          comm=furiosa-smi pid=3164962 tid=3164962
1021542697610919 MGMT_ADMIN_CMD          comm=furiosa-smi pid=3164962 tid=3164962
1021542701383838 MGMT_ADMIN_CMD          comm=furiosa-smi pid=3164962 tid=3164962
1021542704995170 MGMT_ADMIN_CMD          comm=furiosa-smi pid=3164962 tid=3164962
1021542708731092 MGMT_ADMIN_CMD          comm=furiosa-smi pid=3164962 tid=3164962
1021542712539446 MGMT_ADMIN_CMD          comm=furiosa-smi pid=3164962 tid=3164962
1021542716075686 MGMT_ADMIN_CMD          comm=furiosa-smi pid=3164962 tid=3164962
1021542720046378 MGMT_ADMIN_CMD          comm=furiosa-smi pid=3164962 tid=3164962
1021542723826281 MGMT_ADMIN_CMD          comm=furiosa-smi pid=3164962 tid=3164962
1021542731311466 MGMT_ADMIN_CMD          comm=furiosa-smi pid=3164962 tid=3164962
1021542735011216 MGMT_ADMIN_CMD          comm=furiosa-smi pid=3164962 tid=3164962
1021542738873265 MGMT_ADMIN_CMD          comm=furiosa-smi pid=3164962 tid=3164962
1021542742785638 MGMT_ADMIN_CMD          comm=furiosa-smi pid=3164962 tid=3164962
1021542746737315 MGMT_ADMIN_CMD          comm=furiosa-smi pid=3164962 tid=3164962
1021542750588328 MGMT_ADMIN_CMD          comm=furiosa-smi pid=3164962 tid=3164962
1021542754458508 MGMT_ADMIN_CMD          comm=furiosa-smi pid=3164962 tid=3164962
1021542758057064 MGMT_ADMIN_CMD          comm=furiosa-smi pid=3164962 tid=3164962
1021542764513117 MGMT_ADMIN_CMD          comm=furiosa-smi pid=3164962 tid=3164962
1021542767995091 MGMT_ADMIN_CMD          comm=furiosa-smi pid=3164962 tid=3164962
1021542771468806 MGMT_ADMIN_CMD          comm=furiosa-smi pid=3164962 tid=3164962
1021542774957403 MGMT_ADMIN_CMD          comm=furiosa-smi pid=3164962 tid=3164962
1021542778603131 MGMT_ADMIN_CMD          comm=furiosa-smi pid=3164962 tid=3164962
1021542782094230 MGMT_ADMIN_CMD          comm=furiosa-smi pid=3164962 tid=3164962
1021542785694325 MGMT_ADMIN_CMD          comm=furiosa-smi pid=3164962 tid=3164962
1021542789383758 MGMT_ADMIN_CMD          comm=furiosa-smi pid=3164962 tid=3164962
1021543594733938 MGMT_ADMIN_CMD          comm=tokio-runtime-w pid=3165509 tid=3165770
1021543595537169 MGMT_ADMIN_CMD          comm=tokio-runtime-w pid=3165509 tid=3165772
1021543607775535 MGMT_ADMIN_CMD          comm=tokio-runtime-w pid=3165509 tid=3165772
1021543608028249 MGMT_ADMIN_CMD          comm=tokio-runtime-w pid=3165509 tid=3165773
1021543619641908 MGMT_ADMIN_CMD          comm=tokio-runtime-w pid=3165509 tid=3165773
1021543620073698 MGMT_ADMIN_CMD          comm=tokio-runtime-w pid=3165509 tid=3165775
1021543631549030 MGMT_ADMIN_CMD          comm=tokio-runtime-w pid=3165509 tid=3165775
1021543631894823 MGMT_ADMIN_CMD          comm=tokio-runtime-w pid=3165509 tid=3165774
1021543779136564 MGMT_ADMIN_CMD          comm=tokio-runtime-w pid=3165509 tid=3165773
1021543786732141 MGMT_ADMIN_CMD          comm=tokio-runtime-w pid=3165509 tid=3165773
1021543794064656 MGMT_ADMIN_CMD          comm=tokio-runtime-w pid=3165509 tid=3165773
1021543800996305 MGMT_ADMIN_CMD          comm=tokio-runtime-w pid=3165509 tid=3165773
1021544008418877 MGMT_ADMIN_CMD          comm=tokio-runtime-w pid=3165776 tid=3166033
1021544009574327 MGMT_ADMIN_CMD          comm=tokio-runtime-w pid=3165776 tid=3166035
1021544021457733 MGMT_ADMIN_CMD          comm=tokio-runtime-w pid=3165776 tid=3166035
1021544021902234 MGMT_ADMIN_CMD          comm=tokio-runtime-w pid=3165776 tid=3166038
1021544033049048 MGMT_ADMIN_CMD          comm=tokio-runtime-w pid=3165776 tid=3166038
1021544033339983 MGMT_ADMIN_CMD          comm=tokio-runtime-w pid=3165776 tid=3166037
1021544044571583 MGMT_ADMIN_CMD          comm=tokio-runtime-w pid=3165776 tid=3166037
1021544044863625 MGMT_ADMIN_CMD          comm=tokio-runtime-w pid=3165776 tid=3166036
1021544061342978 MGMT_ADMIN_CMD          comm=furiosa-smi pid=3165776 tid=3165776
1021544065085207 MGMT_ADMIN_CMD          comm=furiosa-smi pid=3165776 tid=3165776
1021544068853662 MGMT_ADMIN_CMD          comm=furiosa-smi pid=3165776 tid=3165776
1021544072577949 MGMT_ADMIN_CMD          comm=furiosa-smi pid=3165776 tid=3165776
1021544076307526 MGMT_ADMIN_CMD          comm=furiosa-smi pid=3165776 tid=3165776
1021544080260747 MGMT_ADMIN_CMD          comm=furiosa-smi pid=3165776 tid=3165776
1021544083965305 MGMT_ADMIN_CMD          comm=furiosa-smi pid=3165776 tid=3165776
1021544087651158 MGMT_ADMIN_CMD          comm=furiosa-smi pid=3165776 tid=3165776
1021544097046892 MGMT_ADMIN_CMD          comm=furiosa-smi pid=3165776 tid=3165776
1021544100740664 MGMT_ADMIN_CMD          comm=furiosa-smi pid=3165776 tid=3165776
1021544104421699 MGMT_ADMIN_CMD          comm=furiosa-smi pid=3165776 tid=3165776
1021544108480877 MGMT_ADMIN_CMD          comm=furiosa-smi pid=3165776 tid=3165776
1021544112573412 MGMT_ADMIN_CMD          comm=furiosa-smi pid=3165776 tid=3165776
1021544116244475 MGMT_ADMIN_CMD          comm=furiosa-smi pid=3165776 tid=3165776
1021544119946186 MGMT_ADMIN_CMD          comm=furiosa-smi pid=3165776 tid=3165776
1021544123524151 MGMT_ADMIN_CMD          comm=furiosa-smi pid=3165776 tid=3165776
1021544132648772 MGMT_ADMIN_CMD          comm=furiosa-smi pid=3165776 tid=3165776
1021544136369306 MGMT_ADMIN_CMD          comm=furiosa-smi pid=3165776 tid=3165776
1021544140096572 MGMT_ADMIN_CMD          comm=furiosa-smi pid=3165776 tid=3165776
1021544143781197 MGMT_ADMIN_CMD          comm=furiosa-smi pid=3165776 tid=3165776
1021544147470204 MGMT_ADMIN_CMD          comm=furiosa-smi pid=3165776 tid=3165776
1021544151260597 MGMT_ADMIN_CMD          comm=furiosa-smi pid=3165776 tid=3165776
1021544154865836 MGMT_ADMIN_CMD          comm=furiosa-smi pid=3165776 tid=3165776
1021544158571686 MGMT_ADMIN_CMD          comm=furiosa-smi pid=3165776 tid=3165776
1021544168035220 MGMT_ADMIN_CMD          comm=furiosa-smi pid=3165776 tid=3165776
1021544171746250 MGMT_ADMIN_CMD          comm=furiosa-smi pid=3165776 tid=3165776
1021544175487354 MGMT_ADMIN_CMD          comm=furiosa-smi pid=3165776 tid=3165776
1021544179193404 MGMT_ADMIN_CMD          comm=furiosa-smi pid=3165776 tid=3165776
1021544182881058 MGMT_ADMIN_CMD          comm=furiosa-smi pid=3165776 tid=3165776
1021544186587076 MGMT_ADMIN_CMD          comm=furiosa-smi pid=3165776 tid=3165776
1021544190275934 MGMT_ADMIN_CMD          comm=furiosa-smi pid=3165776 tid=3165776
1021544193963000 MGMT_ADMIN_CMD          comm=furiosa-smi pid=3165776 tid=3165776
1021545047398864 MGMT_ADMIN_CMD          comm=tokio-runtime-w pid=3166299 tid=3166556
1021545048715616 MGMT_ADMIN_CMD          comm=tokio-runtime-w pid=3166299 tid=3166557
1021545058098926 MGMT_ADMIN_CMD          comm=tokio-runtime-w pid=3166299 tid=3166557
1021545058311379 MGMT_ADMIN_CMD          comm=tokio-runtime-w pid=3166299 tid=3166561
1021545069460816 MGMT_ADMIN_CMD          comm=tokio-runtime-w pid=3166299 tid=3166561
1021545070038291 MGMT_ADMIN_CMD          comm=tokio-runtime-w pid=3166299 tid=3166559
1021545081024297 MGMT_ADMIN_CMD          comm=tokio-runtime-w pid=3166299 tid=3166559
1021545081412635 MGMT_ADMIN_CMD          comm=tokio-runtime-w pid=3166299 tid=3166560
1021545226847697 MGMT_ADMIN_CMD          comm=tokio-runtime-w pid=3166299 tid=3166557
1021545234975816 MGMT_ADMIN_CMD          comm=tokio-runtime-w pid=3166299 tid=3166557
1021545242265877 MGMT_ADMIN_CMD          comm=tokio-runtime-w pid=3166299 tid=3166557
1021545249616918 MGMT_ADMIN_CMD          comm=tokio-runtime-w pid=3166299 tid=3166557
1021545481874075 MGMT_ADMIN_CMD          comm=tokio-runtime-w pid=3166562 tid=3166819
1021545482648931 MGMT_ADMIN_CMD          comm=tokio-runtime-w pid=3166562 tid=3166821
1021545494693755 MGMT_ADMIN_CMD          comm=tokio-runtime-w pid=3166562 tid=3166821
1021545494919682 MGMT_ADMIN_CMD          comm=tokio-runtime-w pid=3166562 tid=3166823
1021545506374507 MGMT_ADMIN_CMD          comm=tokio-runtime-w pid=3166562 tid=3166823
1021545506630647 MGMT_ADMIN_CMD          comm=tokio-runtime-w pid=3166562 tid=3166822
1021545518463966 MGMT_ADMIN_CMD          comm=tokio-runtime-w pid=3166562 tid=3166822
1021545519236106 MGMT_ADMIN_CMD          comm=tokio-runtime-w pid=3166562 tid=3166819
1021545534365694 MGMT_ADMIN_CMD          comm=furiosa-smi pid=3166562 tid=3166562
1021545538091044 MGMT_ADMIN_CMD          comm=furiosa-smi pid=3166562 tid=3166562
1021545541815252 MGMT_ADMIN_CMD          comm=furiosa-smi pid=3166562 tid=3166562
1021545545480603 MGMT_ADMIN_CMD          comm=furiosa-smi pid=3166562 tid=3166562
1021545549208422 MGMT_ADMIN_CMD          comm=furiosa-smi pid=3166562 tid=3166562
1021545552873315 MGMT_ADMIN_CMD          comm=furiosa-smi pid=3166562 tid=3166562
1021545556542208 MGMT_ADMIN_CMD          comm=furiosa-smi pid=3166562 tid=3166562
1021545560274526 MGMT_ADMIN_CMD          comm=furiosa-smi pid=3166562 tid=3166562
1021545569763100 MGMT_ADMIN_CMD          comm=furiosa-smi pid=3166562 tid=3166562
1021545573479108 MGMT_ADMIN_CMD          comm=furiosa-smi pid=3166562 tid=3166562
1021545577246702 MGMT_ADMIN_CMD          comm=furiosa-smi pid=3166562 tid=3166562
1021545580934731 MGMT_ADMIN_CMD          comm=furiosa-smi pid=3166562 tid=3166562
1021545584640794 MGMT_ADMIN_CMD          comm=furiosa-smi pid=3166562 tid=3166562
1021545588408152 MGMT_ADMIN_CMD          comm=furiosa-smi pid=3166562 tid=3166562
1021545592138945 MGMT_ADMIN_CMD          comm=furiosa-smi pid=3166562 tid=3166562
1021545595845145 MGMT_ADMIN_CMD          comm=furiosa-smi pid=3166562 tid=3166562
1021545605392708 MGMT_ADMIN_CMD          comm=furiosa-smi pid=3166562 tid=3166562
1021545609146562 MGMT_ADMIN_CMD          comm=furiosa-smi pid=3166562 tid=3166562
1021545612813145 MGMT_ADMIN_CMD          comm=furiosa-smi pid=3166562 tid=3166562
1021545616501271 MGMT_ADMIN_CMD          comm=furiosa-smi pid=3166562 tid=3166562
1021545620271387 MGMT_ADMIN_CMD          comm=furiosa-smi pid=3166562 tid=3166562
1021545623937227 MGMT_ADMIN_CMD          comm=furiosa-smi pid=3166562 tid=3166562
1021545627624289 MGMT_ADMIN_CMD          comm=furiosa-smi pid=3166562 tid=3166562
1021545631395764 MGMT_ADMIN_CMD          comm=furiosa-smi pid=3166562 tid=3166562
1021545640522510 MGMT_ADMIN_CMD          comm=furiosa-smi pid=3166562 tid=3166562
1021545644215828 MGMT_ADMIN_CMD          comm=furiosa-smi pid=3166562 tid=3166562
1021545647895496 MGMT_ADMIN_CMD          comm=furiosa-smi pid=3166562 tid=3166562
1021545651624829 MGMT_ADMIN_CMD          comm=furiosa-smi pid=3166562 tid=3166562
1021545655311790 MGMT_ADMIN_CMD          comm=furiosa-smi pid=3166562 tid=3166562
1021545658998080 MGMT_ADMIN_CMD          comm=furiosa-smi pid=3166562 tid=3166562
1021545662709465 MGMT_ADMIN_CMD          comm=furiosa-smi pid=3166562 tid=3166562
1021545666500856 MGMT_ADMIN_CMD          comm=furiosa-smi pid=3166562 tid=3166562
---- KTRACE heartbeat nsec=1021546360047484 ----
1021546498024293 MGMT_ADMIN_CMD          comm=tokio-runtime-w pid=3167083 tid=3167340
1021546499064681 MGMT_ADMIN_CMD          comm=tokio-runtime-w pid=3167083 tid=3167342
1021546509256582 MGMT_ADMIN_CMD          comm=tokio-runtime-w pid=3167083 tid=3167344
1021546509676291 MGMT_ADMIN_CMD          comm=tokio-runtime-w pid=3167083 tid=3167341
1021546520916588 MGMT_ADMIN_CMD          comm=tokio-runtime-w pid=3167083 tid=3167341
1021546521501847 MGMT_ADMIN_CMD          comm=tokio-runtime-w pid=3167083 tid=3167340
1021546532428193 MGMT_ADMIN_CMD          comm=tokio-runtime-w pid=3167083 tid=3167340
1021546532710803 MGMT_ADMIN_CMD          comm=tokio-runtime-w pid=3167083 tid=3167342
1021546679779943 MGMT_ADMIN_CMD          comm=tokio-runtime-w pid=3167083 tid=3167341
1021546687726745 MGMT_ADMIN_CMD          comm=tokio-runtime-w pid=3167083 tid=3167341
1021546695424458 MGMT_ADMIN_CMD          comm=tokio-runtime-w pid=3167083 tid=3167341
1021546701852053 MGMT_ADMIN_CMD          comm=tokio-runtime-w pid=3167083 tid=3167341
1021546931545192 MGMT_ADMIN_CMD          comm=tokio-runtime-w pid=3167346 tid=3167619
1021546932501932 MGMT_ADMIN_CMD          comm=tokio-runtime-w pid=3167346 tid=3167622
1021546944166074 MGMT_ADMIN_CMD          comm=tokio-runtime-w pid=3167346 tid=3167622
1021546944472709 MGMT_ADMIN_CMD          comm=tokio-runtime-w pid=3167346 tid=3167621
1021546955535407 MGMT_ADMIN_CMD          comm=tokio-runtime-w pid=3167346 tid=3167621
1021546955810093 MGMT_ADMIN_CMD          comm=tokio-runtime-w pid=3167346 tid=3167624
1021546966569979 MGMT_ADMIN_CMD          comm=tokio-runtime-w pid=3167346 tid=3167624
1021546967098475 MGMT_ADMIN_CMD          comm=tokio-runtime-w pid=3167346 tid=3167619
1021546983818535 MGMT_ADMIN_CMD          comm=furiosa-smi pid=3167346 tid=3167346
1021546987556647 MGMT_ADMIN_CMD          comm=furiosa-smi pid=3167346 tid=3167346
1021546991281348 MGMT_ADMIN_CMD          comm=furiosa-smi pid=3167346 tid=3167346
1021546995064177 MGMT_ADMIN_CMD          comm=furiosa-smi pid=3167346 tid=3167346
1021546998763965 MGMT_ADMIN_CMD          comm=furiosa-smi pid=3167346 tid=3167346
1021547002475809 MGMT_ADMIN_CMD          comm=furiosa-smi pid=3167346 tid=3167346
1021547006283514 MGMT_ADMIN_CMD          comm=furiosa-smi pid=3167346 tid=3167346
1021547009913849 MGMT_ADMIN_CMD          comm=furiosa-smi pid=3167346 tid=3167346
1021547019813870 MGMT_ADMIN_CMD          comm=furiosa-smi pid=3167346 tid=3167346
1021547023535499 MGMT_ADMIN_CMD          comm=furiosa-smi pid=3167346 tid=3167346
1021547027244568 MGMT_ADMIN_CMD          comm=furiosa-smi pid=3167346 tid=3167346
1021547030953368 MGMT_ADMIN_CMD          comm=furiosa-smi pid=3167346 tid=3167346
1021547034707917 MGMT_ADMIN_CMD          comm=furiosa-smi pid=3167346 tid=3167346
1021547038471823 MGMT_ADMIN_CMD          comm=furiosa-smi pid=3167346 tid=3167346
1021547042308184 MGMT_ADMIN_CMD          comm=furiosa-smi pid=3167346 tid=3167346
1021547046045838 MGMT_ADMIN_CMD          comm=furiosa-smi pid=3167346 tid=3167346
1021547056331121 MGMT_ADMIN_CMD          comm=furiosa-smi pid=3167346 tid=3167346
1021547060058141 MGMT_ADMIN_CMD          comm=furiosa-smi pid=3167346 tid=3167346
1021547063752078 MGMT_ADMIN_CMD          comm=furiosa-smi pid=3167346 tid=3167346
1021547067502934 MGMT_ADMIN_CMD          comm=furiosa-smi pid=3167346 tid=3167346
1021547071215084 MGMT_ADMIN_CMD          comm=furiosa-smi pid=3167346 tid=3167346
1021547074963173 MGMT_ADMIN_CMD          comm=furiosa-smi pid=3167346 tid=3167346
1021547078733374 MGMT_ADMIN_CMD          comm=furiosa-smi pid=3167346 tid=3167346
1021547082487557 MGMT_ADMIN_CMD          comm=furiosa-smi pid=3167346 tid=3167346
1021547093075227 MGMT_ADMIN_CMD          comm=furiosa-smi pid=3167346 tid=3167346
1021547096783469 MGMT_ADMIN_CMD          comm=furiosa-smi pid=3167346 tid=3167346
1021547100532716 MGMT_ADMIN_CMD          comm=furiosa-smi pid=3167346 tid=3167346
1021547104244769 MGMT_ADMIN_CMD          comm=furiosa-smi pid=3167346 tid=3167346
1021547107935386 MGMT_ADMIN_CMD          comm=furiosa-smi pid=3167346 tid=3167346
1021547111724246 MGMT_ADMIN_CMD          comm=furiosa-smi pid=3167346 tid=3167346
1021547115495336 MGMT_ADMIN_CMD          comm=furiosa-smi pid=3167346 tid=3167346
1021547119209195 MGMT_ADMIN_CMD          comm=furiosa-smi pid=3167346 tid=3167346
1021547955406743 MGMT_ADMIN_CMD          comm=tokio-runtime-w pid=3167893 tid=3168407
1021547956191554 MGMT_ADMIN_CMD          comm=tokio-runtime-w pid=3167893 tid=3168435
1021547968897811 MGMT_ADMIN_CMD          comm=tokio-runtime-w pid=3167893 tid=3168436
1021547968897520 MGMT_ADMIN_CMD          comm=tokio-runtime-w pid=3167893 tid=3168435
1021547980334724 MGMT_ADMIN_CMD          comm=tokio-runtime-w pid=3167893 tid=3168436
1021547980832414 MGMT_ADMIN_CMD          comm=tokio-runtime-w pid=3167893 tid=3168438
1021547991704797 MGMT_ADMIN_CMD          comm=tokio-runtime-w pid=3167893 tid=3168438
1021547991965484 MGMT_ADMIN_CMD          comm=tokio-runtime-w pid=3167893 tid=3168436
1021548139394868 MGMT_ADMIN_CMD          comm=tokio-runtime-w pid=3167893 tid=3168435
1021548141532031 MGMT_ADMIN_CMD          comm=tokio-runtime-w pid=3168157 tid=3168440
1021548142733950 MGMT_ADMIN_CMD          comm=tokio-runtime-w pid=3168157 tid=3168443
1021548147108366 MGMT_ADMIN_CMD          comm=tokio-runtime-w pid=3167893 tid=3168435
1021548154240675 MGMT_ADMIN_CMD          comm=tokio-runtime-w pid=3168157 tid=3168443
1021548154482201 MGMT_ADMIN_CMD          comm=tokio-runtime-w pid=3168157 tid=3168441
1021548154925702 MGMT_ADMIN_CMD          comm=tokio-runtime-w pid=3167893 tid=3168435
1021548161830270 MGMT_ADMIN_CMD          comm=tokio-runtime-w pid=3167893 tid=3168435
1021548166139616 MGMT_ADMIN_CMD          comm=tokio-runtime-w pid=3168157 tid=3168441
1021548166378466 MGMT_ADMIN_CMD          comm=tokio-runtime-w pid=3168157 tid=3168443
1021548178455970 MGMT_ADMIN_CMD          comm=tokio-runtime-w pid=3168157 tid=3168443
1021548178610355 MGMT_ADMIN_CMD          comm=tokio-runtime-w pid=3168157 tid=3168442
1021548325713578 MGMT_ADMIN_CMD          comm=tokio-runtime-w pid=3168157 tid=3168440
1021548336406040 MGMT_ADMIN_CMD          comm=tokio-runtime-w pid=3168157 tid=3168440
1021548347722204 MGMT_ADMIN_CMD          comm=tokio-runtime-w pid=3168157 tid=3168440
1021548354345199 MGMT_ADMIN_CMD          comm=tokio-runtime-w pid=3168157 tid=3168440
1021548388283459 MGMT_ADMIN_CMD          comm=tokio-runtime-w pid=3168446 tid=3168703
1021548389608819 MGMT_ADMIN_CMD          comm=tokio-runtime-w pid=3168446 tid=3168704
1021548400246555 MGMT_ADMIN_CMD          comm=tokio-runtime-w pid=3168446 tid=3168704
1021548400338799 MGMT_ADMIN_CMD          comm=tokio-runtime-w pid=3168446 tid=3168708
1021548410106532 MGMT_ADMIN_CMD          comm=tokio-runtime-w pid=3168446 tid=3168708
1021548410211023 MGMT_ADMIN_CMD          comm=tokio-runtime-w pid=3168446 tid=3168704
1021548420843314 MGMT_ADMIN_CMD          comm=tokio-runtime-w pid=3168446 tid=3168704
1021548420906401 MGMT_ADMIN_CMD          comm=tokio-runtime-w pid=3168446 tid=3168707
1021548437889905 MGMT_ADMIN_CMD          comm=furiosa-smi pid=3168446 tid=3168446
1021548441557979 MGMT_ADMIN_CMD          comm=furiosa-smi pid=3168446 tid=3168446
1021548445305648 MGMT_ADMIN_CMD          comm=furiosa-smi pid=3168446 tid=3168446
1021548449042935 MGMT_ADMIN_CMD          comm=furiosa-smi pid=3168446 tid=3168446
1021548452720639 MGMT_ADMIN_CMD          comm=furiosa-smi pid=3168446 tid=3168446
1021548456347311 MGMT_ADMIN_CMD          comm=furiosa-smi pid=3168446 tid=3168446
1021548460072885 MGMT_ADMIN_CMD          comm=furiosa-smi pid=3168446 tid=3168446
1021548463799623 MGMT_ADMIN_CMD          comm=furiosa-smi pid=3168446 tid=3168446
1021548472749852 MGMT_ADMIN_CMD          comm=furiosa-smi pid=3168446 tid=3168446
1021548476496947 MGMT_ADMIN_CMD          comm=furiosa-smi pid=3168446 tid=3168446
1021548480228151 MGMT_ADMIN_CMD          comm=furiosa-smi pid=3168446 tid=3168446
1021548483951711 MGMT_ADMIN_CMD          comm=furiosa-smi pid=3168446 tid=3168446
1021548487640134 MGMT_ADMIN_CMD          comm=furiosa-smi pid=3168446 tid=3168446
1021548491471975 MGMT_ADMIN_CMD          comm=furiosa-smi pid=3168446 tid=3168446
1021548495219002 MGMT_ADMIN_CMD          comm=furiosa-smi pid=3168446 tid=3168446
1021548498910606 MGMT_ADMIN_CMD          comm=furiosa-smi pid=3168446 tid=3168446
1021548509028291 MGMT_ADMIN_CMD          comm=furiosa-smi pid=3168446 tid=3168446
1021548512764409 MGMT_ADMIN_CMD          comm=furiosa-smi pid=3168446 tid=3168446
1021548516449821 MGMT_ADMIN_CMD          comm=furiosa-smi pid=3168446 tid=3168446
1021548520158322 MGMT_ADMIN_CMD          comm=furiosa-smi pid=3168446 tid=3168446
1021548523865214 MGMT_ADMIN_CMD          comm=furiosa-smi pid=3168446 tid=3168446
1021548527576687 MGMT_ADMIN_CMD          comm=furiosa-smi pid=3168446 tid=3168446
1021548531366184 MGMT_ADMIN_CMD          comm=furiosa-smi pid=3168446 tid=3168446
1021548535077808 MGMT_ADMIN_CMD          comm=furiosa-smi pid=3168446 tid=3168446
1021548544812239 MGMT_ADMIN_CMD          comm=furiosa-smi pid=3168446 tid=3168446
1021548548541639 MGMT_ADMIN_CMD          comm=furiosa-smi pid=3168446 tid=3168446
1021548552228606 MGMT_ADMIN_CMD          comm=furiosa-smi pid=3168446 tid=3168446
1021548555918707 MGMT_ADMIN_CMD          comm=furiosa-smi pid=3168446 tid=3168446
1021548559649738 MGMT_ADMIN_CMD          comm=furiosa-smi pid=3168446 tid=3168446
1021548563357183 MGMT_ADMIN_CMD          comm=furiosa-smi pid=3168446 tid=3168446
1021548567067849 MGMT_ADMIN_CMD          comm=furiosa-smi pid=3168446 tid=3168446
1021548570780592 MGMT_ADMIN_CMD          comm=furiosa-smi pid=3168446 tid=3168446
1021549416947386 MGMT_ADMIN_CMD          comm=tokio-runtime-w pid=3168972 tid=3169229
1021549417831692 MGMT_ADMIN_CMD          comm=tokio-runtime-w pid=3168972 tid=3169230
1021549429981047 MGMT_ADMIN_CMD          comm=tokio-runtime-w pid=3168972 tid=3169230
1021549430199471 MGMT_ADMIN_CMD          comm=tokio-runtime-w pid=3168972 tid=3169231
1021549441995083 MGMT_ADMIN_CMD          comm=tokio-runtime-w pid=3168972 tid=3169231
1021549442254248 MGMT_ADMIN_CMD          comm=tokio-runtime-w pid=3168972 tid=3169229
1021549453695224 MGMT_ADMIN_CMD          comm=tokio-runtime-w pid=3168972 tid=3169229
1021549454172107 MGMT_ADMIN_CMD          comm=tokio-runtime-w pid=3168972 tid=3169233
1021549601139483 MGMT_ADMIN_CMD          comm=tokio-runtime-w pid=3168972 tid=3169232
1021549608731727 MGMT_ADMIN_CMD          comm=tokio-runtime-w pid=3168972 tid=3169232
1021549615612022 MGMT_ADMIN_CMD          comm=tokio-runtime-w pid=3168972 tid=3169232
1021549625810145 MGMT_ADMIN_CMD          comm=tokio-runtime-w pid=3168972 tid=3169232
1021549837603482 MGMT_ADMIN_CMD          comm=tokio-runtime-w pid=3169235 tid=3169492
1021549838680496 MGMT_ADMIN_CMD          comm=tokio-runtime-w pid=3169235 tid=3169493
1021549850052838 MGMT_ADMIN_CMD          comm=tokio-runtime-w pid=3169235 tid=3169493
1021549850079816 MGMT_ADMIN_CMD          comm=tokio-runtime-w pid=3169235 tid=3169494
1021549861522911 MGMT_ADMIN_CMD          comm=tokio-runtime-w pid=3169235 tid=3169494
1021549861787956 MGMT_ADMIN_CMD          comm=tokio-runtime-w pid=3169235 tid=3169496
1021549872978872 MGMT_ADMIN_CMD          comm=tokio-runtime-w pid=3169235 tid=3169496
1021549873296668 MGMT_ADMIN_CMD          comm=tokio-runtime-w pid=3169235 tid=3169492
1021549889331716 MGMT_ADMIN_CMD          comm=furiosa-smi pid=3169235 tid=3169235
1021549893079524 MGMT_ADMIN_CMD          comm=furiosa-smi pid=3169235 tid=3169235
1021549896764665 MGMT_ADMIN_CMD          comm=furiosa-smi pid=3169235 tid=3169235
1021549900429471 MGMT_ADMIN_CMD          comm=furiosa-smi pid=3169235 tid=3169235
1021549904202155 MGMT_ADMIN_CMD          comm=furiosa-smi pid=3169235 tid=3169235
1021549907909337 MGMT_ADMIN_CMD          comm=furiosa-smi pid=3169235 tid=3169235
1021549911600050 MGMT_ADMIN_CMD          comm=furiosa-smi pid=3169235 tid=3169235
1021549915328815 MGMT_ADMIN_CMD          comm=furiosa-smi pid=3169235 tid=3169235
1021549925149784 MGMT_ADMIN_CMD          comm=furiosa-smi pid=3169235 tid=3169235
1021549928839770 MGMT_ADMIN_CMD          comm=furiosa-smi pid=3169235 tid=3169235
1021549932527009 MGMT_ADMIN_CMD          comm=furiosa-smi pid=3169235 tid=3169235
1021549936295328 MGMT_ADMIN_CMD          comm=furiosa-smi pid=3169235 tid=3169235
1021549940018174 MGMT_ADMIN_CMD          comm=furiosa-smi pid=3169235 tid=3169235
1021549943714094 MGMT_ADMIN_CMD          comm=furiosa-smi pid=3169235 tid=3169235
1021549947420454 MGMT_ADMIN_CMD          comm=furiosa-smi pid=3169235 tid=3169235
1021549951114631 MGMT_ADMIN_CMD          comm=furiosa-smi pid=3169235 tid=3169235
1021549960901802 MGMT_ADMIN_CMD          comm=furiosa-smi pid=3169235 tid=3169235
1021549964593294 MGMT_ADMIN_CMD          comm=furiosa-smi pid=3169235 tid=3169235
1021549968343039 MGMT_ADMIN_CMD          comm=furiosa-smi pid=3169235 tid=3169235
1021549972070859 MGMT_ADMIN_CMD          comm=furiosa-smi pid=3169235 tid=3169235
1021549975780714 MGMT_ADMIN_CMD          comm=furiosa-smi pid=3169235 tid=3169235
1021549979595008 MGMT_ADMIN_CMD          comm=furiosa-smi pid=3169235 tid=3169235
1021549983305016 MGMT_ADMIN_CMD          comm=furiosa-smi pid=3169235 tid=3169235
1021549987032280 MGMT_ADMIN_CMD          comm=furiosa-smi pid=3169235 tid=3169235
1021549997089178 MGMT_ADMIN_CMD          comm=furiosa-smi pid=3169235 tid=3169235
1021550000778251 MGMT_ADMIN_CMD          comm=furiosa-smi pid=3169235 tid=3169235
1021550004527953 MGMT_ADMIN_CMD          comm=furiosa-smi pid=3169235 tid=3169235
1021550008196498 MGMT_ADMIN_CMD          comm=furiosa-smi pid=3169235 tid=3169235
1021550011910620 MGMT_ADMIN_CMD          comm=furiosa-smi pid=3169235 tid=3169235
1021550015654535 MGMT_ADMIN_CMD          comm=furiosa-smi pid=3169235 tid=3169235
1021550019386999 MGMT_ADMIN_CMD          comm=furiosa-smi pid=3169235 tid=3169235
1021550023116566 MGMT_ADMIN_CMD          comm=furiosa-smi pid=3169235 tid=3169235
1021550846478386 MGMT_ADMIN_CMD          comm=tokio-runtime-w pid=3169756 tid=3170013
1021550847450881 MGMT_ADMIN_CMD          comm=tokio-runtime-w pid=3169756 tid=3170014
1021550859237057 MGMT_ADMIN_CMD          comm=tokio-runtime-w pid=3169756 tid=3170014
1021550859831317 MGMT_ADMIN_CMD          comm=tokio-runtime-w pid=3169756 tid=3170015
1021550870868713 MGMT_ADMIN_CMD          comm=tokio-runtime-w pid=3169756 tid=3170015
1021550871715707 MGMT_ADMIN_CMD          comm=tokio-runtime-w pid=3169756 tid=3170016
1021550882510624 MGMT_ADMIN_CMD          comm=tokio-runtime-w pid=3169756 tid=3170016
1021550882722115 MGMT_ADMIN_CMD          comm=tokio-runtime-w pid=3169756 tid=3170017
1021551030609710 MGMT_ADMIN_CMD          comm=tokio-runtime-w pid=3169756 tid=3170015
1021551038410990 MGMT_ADMIN_CMD          comm=tokio-runtime-w pid=3169756 tid=3170015
1021551045659614 MGMT_ADMIN_CMD          comm=tokio-runtime-w pid=3169756 tid=3170015
1021551052397896 MGMT_ADMIN_CMD          comm=tokio-runtime-w pid=3169756 tid=3170015
1021551270552283 MGMT_ADMIN_CMD          comm=tokio-runtime-w pid=3170019 tid=3170276
1021551271183423 MGMT_ADMIN_CMD          comm=tokio-runtime-w pid=3170019 tid=3170278
1021551283540239 MGMT_ADMIN_CMD          comm=tokio-runtime-w pid=3170019 tid=3170278
1021551283791669 MGMT_ADMIN_CMD          comm=tokio-runtime-w pid=3170019 tid=3170277
1021551295414963 MGMT_ADMIN_CMD          comm=tokio-runtime-w pid=3170019 tid=3170277
1021551295895959 MGMT_ADMIN_CMD          comm=tokio-runtime-w pid=3170019 tid=3170280
1021551307163768 MGMT_ADMIN_CMD          comm=tokio-runtime-w pid=3170019 tid=3170280
1021551307438525 MGMT_ADMIN_CMD          comm=tokio-runtime-w pid=3170019 tid=3170279
1021551323760712 MGMT_ADMIN_CMD          comm=furiosa-smi pid=3170019 tid=3170019
1021551327462114 MGMT_ADMIN_CMD          comm=furiosa-smi pid=3170019 tid=3170019
1021551331226302 MGMT_ADMIN_CMD          comm=furiosa-smi pid=3170019 tid=3170019
1021551335116935 MGMT_ADMIN_CMD          comm=furiosa-smi pid=3170019 tid=3170019
1021551338807541 MGMT_ADMIN_CMD          comm=furiosa-smi pid=3170019 tid=3170019
1021551342533055 MGMT_ADMIN_CMD          comm=furiosa-smi pid=3170019 tid=3170019
1021551346223628 MGMT_ADMIN_CMD          comm=furiosa-smi pid=3170019 tid=3170019
1021551350049615 MGMT_ADMIN_CMD          comm=furiosa-smi pid=3170019 tid=3170019
1021551359794747 MGMT_ADMIN_CMD          comm=furiosa-smi pid=3170019 tid=3170019
1021551363513641 MGMT_ADMIN_CMD          comm=furiosa-smi pid=3170019 tid=3170019
1021551367229840 MGMT_ADMIN_CMD          comm=furiosa-smi pid=3170019 tid=3170019
---- KTRACE heartbeat nsec=1021551368063236 ----
1021551370961626 MGMT_ADMIN_CMD          comm=furiosa-smi pid=3170019 tid=3170019
1021551374709109 MGMT_ADMIN_CMD          comm=furiosa-smi pid=3170019 tid=3170019
1021551378478799 MGMT_ADMIN_CMD          comm=furiosa-smi pid=3170019 tid=3170019
1021551382210096 MGMT_ADMIN_CMD          comm=furiosa-smi pid=3170019 tid=3170019
1021551385902946 MGMT_ADMIN_CMD          comm=furiosa-smi pid=3170019 tid=3170019
1021551395133803 MGMT_ADMIN_CMD          comm=furiosa-smi pid=3170019 tid=3170019
1021551398818061 MGMT_ADMIN_CMD          comm=furiosa-smi pid=3170019 tid=3170019
1021551402513302 MGMT_ADMIN_CMD          comm=furiosa-smi pid=3170019 tid=3170019
1021551406260625 MGMT_ADMIN_CMD          comm=furiosa-smi pid=3170019 tid=3170019
1021551410043090 MGMT_ADMIN_CMD          comm=furiosa-smi pid=3170019 tid=3170019
1021551413744280 MGMT_ADMIN_CMD          comm=furiosa-smi pid=3170019 tid=3170019
1021551417529037 MGMT_ADMIN_CMD          comm=furiosa-smi pid=3170019 tid=3170019
1021551421205332 MGMT_ADMIN_CMD          comm=furiosa-smi pid=3170019 tid=3170019
1021551431262179 MGMT_ADMIN_CMD          comm=furiosa-smi pid=3170019 tid=3170019
1021551434977846 MGMT_ADMIN_CMD          comm=furiosa-smi pid=3170019 tid=3170019
1021551438661218 MGMT_ADMIN_CMD          comm=furiosa-smi pid=3170019 tid=3170019
1021551442346673 MGMT_ADMIN_CMD          comm=furiosa-smi pid=3170019 tid=3170019
1021551446078293 MGMT_ADMIN_CMD          comm=furiosa-smi pid=3170019 tid=3170019
1021551449769594 MGMT_ADMIN_CMD          comm=furiosa-smi pid=3170019 tid=3170019
1021551453541473 MGMT_ADMIN_CMD          comm=furiosa-smi pid=3170019 tid=3170019
1021551457248737 MGMT_ADMIN_CMD          comm=furiosa-smi pid=3170019 tid=3170019
1021552371646411 MGMT_ADMIN_CMD          comm=tokio-runtime-w pid=3170556 tid=3170817
1021552372358786 MGMT_ADMIN_CMD          comm=tokio-runtime-w pid=3170556 tid=3170819
1021552384853468 MGMT_ADMIN_CMD          comm=tokio-runtime-w pid=3170556 tid=3170818
1021552385628802 MGMT_ADMIN_CMD          comm=tokio-runtime-w pid=3170556 tid=3170817
1021552396757504 MGMT_ADMIN_CMD          comm=tokio-runtime-w pid=3170556 tid=3170817
1021552397425358 MGMT_ADMIN_CMD          comm=tokio-runtime-w pid=3170556 tid=3170818
1021552407313337 MGMT_ADMIN_CMD          comm=tokio-runtime-w pid=3170556 tid=3170818
1021552407655142 MGMT_ADMIN_CMD          comm=tokio-runtime-w pid=3170556 tid=3170820
1021552554733593 MGMT_ADMIN_CMD          comm=tokio-runtime-w pid=3170556 tid=3170817
1021552562987764 MGMT_ADMIN_CMD          comm=tokio-runtime-w pid=3170556 tid=3170817
1021552570027099 MGMT_ADMIN_CMD          comm=tokio-runtime-w pid=3170556 tid=3170817
1021552577362245 MGMT_ADMIN_CMD          comm=tokio-runtime-w pid=3170556 tid=3170817
1021552778449287 MGMT_ADMIN_CMD          comm=tokio-runtime-w pid=3170829 tid=3171086
1021552779778441 MGMT_ADMIN_CMD          comm=tokio-runtime-w pid=3170829 tid=3171087
1021552790201463 MGMT_ADMIN_CMD          comm=tokio-runtime-w pid=3170829 tid=3171087
1021552790713231 MGMT_ADMIN_CMD          comm=tokio-runtime-w pid=3170829 tid=3171089
1021552802060623 MGMT_ADMIN_CMD          comm=tokio-runtime-w pid=3170829 tid=3171089
1021552802477439 MGMT_ADMIN_CMD          comm=tokio-runtime-w pid=3170829 tid=3171086
1021552813702799 MGMT_ADMIN_CMD          comm=tokio-runtime-w pid=3170829 tid=3171086
1021552814243347 MGMT_ADMIN_CMD          comm=tokio-runtime-w pid=3170829 tid=3171090
1021552829855164 MGMT_ADMIN_CMD          comm=furiosa-smi pid=3170829 tid=3170829
1021552833534592 MGMT_ADMIN_CMD          comm=furiosa-smi pid=3170829 tid=3170829
1021552837264852 MGMT_ADMIN_CMD          comm=furiosa-smi pid=3170829 tid=3170829
1021552840928428 MGMT_ADMIN_CMD          comm=furiosa-smi pid=3170829 tid=3170829
1021552844614475 MGMT_ADMIN_CMD          comm=furiosa-smi pid=3170829 tid=3170829
1021552848347135 MGMT_ADMIN_CMD          comm=furiosa-smi pid=3170829 tid=3170829
1021552852053545 MGMT_ADMIN_CMD          comm=furiosa-smi pid=3170829 tid=3170829
1021552855764790 MGMT_ADMIN_CMD          comm=furiosa-smi pid=3170829 tid=3170829
1021552865826695 MGMT_ADMIN_CMD          comm=furiosa-smi pid=3170829 tid=3170829
1021552869541580 MGMT_ADMIN_CMD          comm=furiosa-smi pid=3170829 tid=3170829
1021552873269713 MGMT_ADMIN_CMD          comm=furiosa-smi pid=3170829 tid=3170829
1021552876957125 MGMT_ADMIN_CMD          comm=furiosa-smi pid=3170829 tid=3170829
1021552880645999 MGMT_ADMIN_CMD          comm=furiosa-smi pid=3170829 tid=3170829
1021552884438236 MGMT_ADMIN_CMD          comm=furiosa-smi pid=3170829 tid=3170829
1021552888133212 MGMT_ADMIN_CMD          comm=furiosa-smi pid=3170829 tid=3170829
1021552891838685 MGMT_ADMIN_CMD          comm=furiosa-smi pid=3170829 tid=3170829
1021552902309291 MGMT_ADMIN_CMD          comm=furiosa-smi pid=3170829 tid=3170829
1021552906030605 MGMT_ADMIN_CMD          comm=furiosa-smi pid=3170829 tid=3170829
1021552909738116 MGMT_ADMIN_CMD          comm=furiosa-smi pid=3170829 tid=3170829
1021552913429259 MGMT_ADMIN_CMD          comm=furiosa-smi pid=3170829 tid=3170829
1021552917060291 MGMT_ADMIN_CMD          comm=furiosa-smi pid=3170829 tid=3170829
1021552920682332 MGMT_ADMIN_CMD          comm=furiosa-smi pid=3170829 tid=3170829
1021552924355888 MGMT_ADMIN_CMD          comm=furiosa-smi pid=3170829 tid=3170829
1021552927953108 MGMT_ADMIN_CMD          comm=furiosa-smi pid=3170829 tid=3170829
1021552938370006 MGMT_ADMIN_CMD          comm=furiosa-smi pid=3170829 tid=3170829
1021552942086368 MGMT_ADMIN_CMD          comm=furiosa-smi pid=3170829 tid=3170829
1021552945841108 MGMT_ADMIN_CMD          comm=furiosa-smi pid=3170829 tid=3170829
1021552949571086 MGMT_ADMIN_CMD          comm=furiosa-smi pid=3170829 tid=3170829
1021552953181820 MGMT_ADMIN_CMD          comm=furiosa-smi pid=3170829 tid=3170829
1021552956928344 MGMT_ADMIN_CMD          comm=furiosa-smi pid=3170829 tid=3170829
1021552960540973 MGMT_ADMIN_CMD          comm=furiosa-smi pid=3170829 tid=3170829
1021552964185253 MGMT_ADMIN_CMD          comm=furiosa-smi pid=3170829 tid=3170829
1021553777414496 MGMT_ADMIN_CMD          comm=tokio-runtime-w pid=3171372 tid=3171629
1021553779048457 MGMT_ADMIN_CMD          comm=tokio-runtime-w pid=3171372 tid=3171632
1021553788659179 MGMT_ADMIN_CMD          comm=tokio-runtime-w pid=3171372 tid=3171630
1021553789217057 MGMT_ADMIN_CMD          comm=tokio-runtime-w pid=3171372 tid=3171632
1021553800530812 MGMT_ADMIN_CMD          comm=tokio-runtime-w pid=3171372 tid=3171632
1021553800875569 MGMT_ADMIN_CMD          comm=tokio-runtime-w pid=3171372 tid=3171634
1021553812134099 MGMT_ADMIN_CMD          comm=tokio-runtime-w pid=3171372 tid=3171634
1021553812514035 MGMT_ADMIN_CMD          comm=tokio-runtime-w pid=3171372 tid=3171629
1021553960030968 MGMT_ADMIN_CMD          comm=tokio-runtime-w pid=3171372 tid=3171632
1021553967945260 MGMT_ADMIN_CMD          comm=tokio-runtime-w pid=3171372 tid=3171632
1021553975132345 MGMT_ADMIN_CMD          comm=tokio-runtime-w pid=3171372 tid=3171632
1021553982811729 MGMT_ADMIN_CMD          comm=tokio-runtime-w pid=3171372 tid=3171632
1021554192778503 MGMT_ADMIN_CMD          comm=tokio-runtime-w pid=3171635 tid=3171892
1021554194808808 MGMT_ADMIN_CMD          comm=tokio-runtime-w pid=3171635 tid=3171893
1021554205942903 MGMT_ADMIN_CMD          comm=tokio-runtime-w pid=3171635 tid=3171893
1021554206142788 MGMT_ADMIN_CMD          comm=tokio-runtime-w pid=3171635 tid=3171897
1021554217739922 MGMT_ADMIN_CMD          comm=tokio-runtime-w pid=3171635 tid=3171897
1021554218095584 MGMT_ADMIN_CMD          comm=tokio-runtime-w pid=3171635 tid=3171895
1021554229392007 MGMT_ADMIN_CMD          comm=tokio-runtime-w pid=3171635 tid=3171895
1021554229825044 MGMT_ADMIN_CMD          comm=tokio-runtime-w pid=3171635 tid=3171894
1021554245729545 MGMT_ADMIN_CMD          comm=furiosa-smi pid=3171635 tid=3171635
1021554249419997 MGMT_ADMIN_CMD          comm=furiosa-smi pid=3171635 tid=3171635
1021554253104213 MGMT_ADMIN_CMD          comm=furiosa-smi pid=3171635 tid=3171635
1021554256772390 MGMT_ADMIN_CMD          comm=furiosa-smi pid=3171635 tid=3171635
1021554260500222 MGMT_ADMIN_CMD          comm=furiosa-smi pid=3171635 tid=3171635
1021554264293517 MGMT_ADMIN_CMD          comm=furiosa-smi pid=3171635 tid=3171635
1021554268015080 MGMT_ADMIN_CMD          comm=furiosa-smi pid=3171635 tid=3171635
1021554271707114 MGMT_ADMIN_CMD          comm=furiosa-smi pid=3171635 tid=3171635
1021554281727463 MGMT_ADMIN_CMD          comm=furiosa-smi pid=3171635 tid=3171635
1021554285439232 MGMT_ADMIN_CMD          comm=furiosa-smi pid=3171635 tid=3171635
1021554289256657 MGMT_ADMIN_CMD          comm=furiosa-smi pid=3171635 tid=3171635
1021554292984166 MGMT_ADMIN_CMD          comm=furiosa-smi pid=3171635 tid=3171635
1021554296673604 MGMT_ADMIN_CMD          comm=furiosa-smi pid=3171635 tid=3171635
1021554300355428 MGMT_ADMIN_CMD          comm=furiosa-smi pid=3171635 tid=3171635
1021554304089179 MGMT_ADMIN_CMD          comm=furiosa-smi pid=3171635 tid=3171635
1021554307818738 MGMT_ADMIN_CMD          comm=furiosa-smi pid=3171635 tid=3171635
1021554317750530 MGMT_ADMIN_CMD          comm=furiosa-smi pid=3171635 tid=3171635
1021554321537210 MGMT_ADMIN_CMD          comm=furiosa-smi pid=3171635 tid=3171635
1021554325356281 MGMT_ADMIN_CMD          comm=furiosa-smi pid=3171635 tid=3171635
1021554329041049 MGMT_ADMIN_CMD          comm=furiosa-smi pid=3171635 tid=3171635
1021554332715244 MGMT_ADMIN_CMD          comm=furiosa-smi pid=3171635 tid=3171635
1021554336463642 MGMT_ADMIN_CMD          comm=furiosa-smi pid=3171635 tid=3171635
1021554340154839 MGMT_ADMIN_CMD          comm=furiosa-smi pid=3171635 tid=3171635
1021554343864896 MGMT_ADMIN_CMD          comm=furiosa-smi pid=3171635 tid=3171635
1021554354130234 MGMT_ADMIN_CMD          comm=furiosa-smi pid=3171635 tid=3171635
1021554357848530 MGMT_ADMIN_CMD          comm=furiosa-smi pid=3171635 tid=3171635
1021554361585211 MGMT_ADMIN_CMD          comm=furiosa-smi pid=3171635 tid=3171635
1021554365277219 MGMT_ADMIN_CMD          comm=furiosa-smi pid=3171635 tid=3171635
1021554369013441 MGMT_ADMIN_CMD          comm=furiosa-smi pid=3171635 tid=3171635
1021554372750929 MGMT_ADMIN_CMD          comm=furiosa-smi pid=3171635 tid=3171635
1021554376464869 MGMT_ADMIN_CMD          comm=furiosa-smi pid=3171635 tid=3171635
1021554380180009 MGMT_ADMIN_CMD          comm=furiosa-smi pid=3171635 tid=3171635
1021555241643915 MGMT_ADMIN_CMD          comm=tokio-runtime-w pid=3172156 tid=3172413
1021555242928758 MGMT_ADMIN_CMD          comm=tokio-runtime-w pid=3172156 tid=3172416
1021555253658689 MGMT_ADMIN_CMD          comm=tokio-runtime-w pid=3172156 tid=3172416
1021555253912535 MGMT_ADMIN_CMD          comm=tokio-runtime-w pid=3172156 tid=3172418
1021555265417911 MGMT_ADMIN_CMD          comm=tokio-runtime-w pid=3172156 tid=3172418
1021555265754201 MGMT_ADMIN_CMD          comm=tokio-runtime-w pid=3172156 tid=3172415
1021555277299370 MGMT_ADMIN_CMD          comm=tokio-runtime-w pid=3172156 tid=3172415
1021555277674361 MGMT_ADMIN_CMD          comm=tokio-runtime-w pid=3172156 tid=3172414
1021555424915171 MGMT_ADMIN_CMD          comm=tokio-runtime-w pid=3172156 tid=3172418
1021555432486007 MGMT_ADMIN_CMD          comm=tokio-runtime-w pid=3172156 tid=3172418
1021555439489421 MGMT_ADMIN_CMD          comm=tokio-runtime-w pid=3172156 tid=3172418
1021555445533653 MGMT_ADMIN_CMD          comm=tokio-runtime-w pid=3172156 tid=3172418
1021555677939910 MGMT_ADMIN_CMD          comm=tokio-runtime-w pid=3172419 tid=3172676
1021555678799136 MGMT_ADMIN_CMD          comm=tokio-runtime-w pid=3172419 tid=3172678
1021555690837120 MGMT_ADMIN_CMD          comm=tokio-runtime-w pid=3172419 tid=3172678
1021555691056007 MGMT_ADMIN_CMD          comm=tokio-runtime-w pid=3172419 tid=3172677
1021555702579331 MGMT_ADMIN_CMD          comm=tokio-runtime-w pid=3172419 tid=3172677
1021555703053757 MGMT_ADMIN_CMD          comm=tokio-runtime-w pid=3172419 tid=3172681
1021555714146375 MGMT_ADMIN_CMD          comm=tokio-runtime-w pid=3172419 tid=3172681
1021555714422072 MGMT_ADMIN_CMD          comm=tokio-runtime-w pid=3172419 tid=3172679
1021555731338496 MGMT_ADMIN_CMD          comm=furiosa-smi pid=3172419 tid=3172419
1021555735080423 MGMT_ADMIN_CMD          comm=furiosa-smi pid=3172419 tid=3172419
1021555738766754 MGMT_ADMIN_CMD          comm=furiosa-smi pid=3172419 tid=3172419
1021555742495156 MGMT_ADMIN_CMD          comm=furiosa-smi pid=3172419 tid=3172419
1021555746370629 MGMT_ADMIN_CMD          comm=furiosa-smi pid=3172419 tid=3172419
1021555750059031 MGMT_ADMIN_CMD          comm=furiosa-smi pid=3172419 tid=3172419
1021555753743885 MGMT_ADMIN_CMD          comm=furiosa-smi pid=3172419 tid=3172419
1021555757453167 MGMT_ADMIN_CMD          comm=furiosa-smi pid=3172419 tid=3172419
1021555767209959 MGMT_ADMIN_CMD          comm=furiosa-smi pid=3172419 tid=3172419
1021555770901803 MGMT_ADMIN_CMD          comm=furiosa-smi pid=3172419 tid=3172419
1021555774649717 MGMT_ADMIN_CMD          comm=furiosa-smi pid=3172419 tid=3172419
1021555778482766 MGMT_ADMIN_CMD          comm=furiosa-smi pid=3172419 tid=3172419
1021555782237398 MGMT_ADMIN_CMD          comm=furiosa-smi pid=3172419 tid=3172419
1021555785922730 MGMT_ADMIN_CMD          comm=furiosa-smi pid=3172419 tid=3172419
1021555789672648 MGMT_ADMIN_CMD          comm=furiosa-smi pid=3172419 tid=3172419
1021555793445032 MGMT_ADMIN_CMD          comm=furiosa-smi pid=3172419 tid=3172419
1021555803438676 MGMT_ADMIN_CMD          comm=furiosa-smi pid=3172419 tid=3172419
1021555807159256 MGMT_ADMIN_CMD          comm=furiosa-smi pid=3172419 tid=3172419
1021555810852717 MGMT_ADMIN_CMD          comm=furiosa-smi pid=3172419 tid=3172419
1021555814541570 MGMT_ADMIN_CMD          comm=furiosa-smi pid=3172419 tid=3172419
1021555818234813 MGMT_ADMIN_CMD          comm=furiosa-smi pid=3172419 tid=3172419
1021555821983555 MGMT_ADMIN_CMD          comm=furiosa-smi pid=3172419 tid=3172419
1021555825876905 MGMT_ADMIN_CMD          comm=furiosa-smi pid=3172419 tid=3172419
1021555829611601 MGMT_ADMIN_CMD          comm=furiosa-smi pid=3172419 tid=3172419
1021555839543193 MGMT_ADMIN_CMD          comm=furiosa-smi pid=3172419 tid=3172419
1021555843241939 MGMT_ADMIN_CMD          comm=furiosa-smi pid=3172419 tid=3172419
1021555846979674 MGMT_ADMIN_CMD          comm=furiosa-smi pid=3172419 tid=3172419
1021555850711973 MGMT_ADMIN_CMD          comm=furiosa-smi pid=3172419 tid=3172419
1021555854418562 MGMT_ADMIN_CMD          comm=furiosa-smi pid=3172419 tid=3172419
1021555858151042 MGMT_ADMIN_CMD          comm=furiosa-smi pid=3172419 tid=3172419
1021555861926570 MGMT_ADMIN_CMD          comm=furiosa-smi pid=3172419 tid=3172419
1021555865676326 MGMT_ADMIN_CMD          comm=furiosa-smi pid=3172419 tid=3172419
---- KTRACE heartbeat nsec=1021556370057077 ----
1021556707758563 MGMT_ADMIN_CMD          comm=tokio-runtime-w pid=3172940 tid=3173197
1021556708910651 MGMT_ADMIN_CMD          comm=tokio-runtime-w pid=3172940 tid=3173198
1021556719827357 MGMT_ADMIN_CMD          comm=tokio-runtime-w pid=3172940 tid=3173198
1021556720056007 MGMT_ADMIN_CMD          comm=tokio-runtime-w pid=3172940 tid=3173200
1021556731530328 MGMT_ADMIN_CMD          comm=tokio-runtime-w pid=3172940 tid=3173200
1021556732409593 MGMT_ADMIN_CMD          comm=tokio-runtime-w pid=3172940 tid=3173197
1021556743384290 MGMT_ADMIN_CMD          comm=tokio-runtime-w pid=3172940 tid=3173197
1021556743859608 MGMT_ADMIN_CMD          comm=tokio-runtime-w pid=3172940 tid=3173201
1021556890806759 MGMT_ADMIN_CMD          comm=tokio-runtime-w pid=3172940 tid=3173199
1021556898265088 MGMT_ADMIN_CMD          comm=tokio-runtime-w pid=3172940 tid=3173199
1021556904646920 MGMT_ADMIN_CMD          comm=tokio-runtime-w pid=3172940 tid=3173199
1021556911388354 MGMT_ADMIN_CMD          comm=tokio-runtime-w pid=3172940 tid=3173199
1021557150219603 MGMT_ADMIN_CMD          comm=tokio-runtime-w pid=3173219 tid=3173476
1021557150846352 MGMT_ADMIN_CMD          comm=tokio-runtime-w pid=3173219 tid=3173477
1021557160768577 MGMT_ADMIN_CMD          comm=tokio-runtime-w pid=3173219 tid=3173476
1021557160796303 MGMT_ADMIN_CMD          comm=tokio-runtime-w pid=3173219 tid=3173480
1021557172455664 MGMT_ADMIN_CMD          comm=tokio-runtime-w pid=3173219 tid=3173480
1021557172725684 MGMT_ADMIN_CMD          comm=tokio-runtime-w pid=3173219 tid=3173477
1021557183861413 MGMT_ADMIN_CMD          comm=tokio-runtime-w pid=3173219 tid=3173477
1021557184085684 MGMT_ADMIN_CMD          comm=tokio-runtime-w pid=3173219 tid=3173479
1021557200548924 MGMT_ADMIN_CMD          comm=furiosa-smi pid=3173219 tid=3173219
1021557204298303 MGMT_ADMIN_CMD          comm=furiosa-smi pid=3173219 tid=3173219
1021557207986329 MGMT_ADMIN_CMD          comm=furiosa-smi pid=3173219 tid=3173219
1021557211715560 MGMT_ADMIN_CMD          comm=furiosa-smi pid=3173219 tid=3173219
1021557215441252 MGMT_ADMIN_CMD          comm=furiosa-smi pid=3173219 tid=3173219
1021557219133005 MGMT_ADMIN_CMD          comm=furiosa-smi pid=3173219 tid=3173219
1021557222822806 MGMT_ADMIN_CMD          comm=furiosa-smi pid=3173219 tid=3173219
1021557226528989 MGMT_ADMIN_CMD          comm=furiosa-smi pid=3173219 tid=3173219
1021557236433765 MGMT_ADMIN_CMD          comm=furiosa-smi pid=3173219 tid=3173219
1021557240134439 MGMT_ADMIN_CMD          comm=furiosa-smi pid=3173219 tid=3173219
1021557243821544 MGMT_ADMIN_CMD          comm=furiosa-smi pid=3173219 tid=3173219
1021557247590109 MGMT_ADMIN_CMD          comm=furiosa-smi pid=3173219 tid=3173219
1021557251322406 MGMT_ADMIN_CMD          comm=furiosa-smi pid=3173219 tid=3173219
1021557255027243 MGMT_ADMIN_CMD          comm=furiosa-smi pid=3173219 tid=3173219
1021557258722383 MGMT_ADMIN_CMD          comm=furiosa-smi pid=3173219 tid=3173219
1021557262531467 MGMT_ADMIN_CMD          comm=furiosa-smi pid=3173219 tid=3173219
1021557272748468 MGMT_ADMIN_CMD          comm=furiosa-smi pid=3173219 tid=3173219
1021557276459920 MGMT_ADMIN_CMD          comm=furiosa-smi pid=3173219 tid=3173219
1021557280145573 MGMT_ADMIN_CMD          comm=furiosa-smi pid=3173219 tid=3173219
1021557283869164 MGMT_ADMIN_CMD          comm=furiosa-smi pid=3173219 tid=3173219
1021557287583926 MGMT_ADMIN_CMD          comm=furiosa-smi pid=3173219 tid=3173219
1021557291272302 MGMT_ADMIN_CMD          comm=furiosa-smi pid=3173219 tid=3173219
1021557295025841 MGMT_ADMIN_CMD          comm=furiosa-smi pid=3173219 tid=3173219
1021557298855362 MGMT_ADMIN_CMD          comm=furiosa-smi pid=3173219 tid=3173219
1021557308438399 MGMT_ADMIN_CMD          comm=furiosa-smi pid=3173219 tid=3173219
1021557312134665 MGMT_ADMIN_CMD          comm=furiosa-smi pid=3173219 tid=3173219
1021557315927570 MGMT_ADMIN_CMD          comm=furiosa-smi pid=3173219 tid=3173219
1021557319631499 MGMT_ADMIN_CMD          comm=furiosa-smi pid=3173219 tid=3173219
1021557323383356 MGMT_ADMIN_CMD          comm=furiosa-smi pid=3173219 tid=3173219
1021557327101438 MGMT_ADMIN_CMD          comm=furiosa-smi pid=3173219 tid=3173219
1021557330865967 MGMT_ADMIN_CMD          comm=furiosa-smi pid=3173219 tid=3173219
1021557334615800 MGMT_ADMIN_CMD          comm=furiosa-smi pid=3173219 tid=3173219
1021558121633013 MGMT_ADMIN_CMD          comm=tokio-runtime-w pid=3173762 tid=3174292
1021558122650343 MGMT_ADMIN_CMD          comm=tokio-runtime-w pid=3173762 tid=3174295
1021558134935649 MGMT_ADMIN_CMD          comm=tokio-runtime-w pid=3173762 tid=3174293
1021558135761284 MGMT_ADMIN_CMD          comm=tokio-runtime-w pid=3173762 tid=3174294
1021558141384524 MGMT_ADMIN_CMD          comm=tokio-runtime-w pid=3174035 tid=3174298
1021558142965724 MGMT_ADMIN_CMD          comm=tokio-runtime-w pid=3174035 tid=3174299
1021558146465918 MGMT_ADMIN_CMD          comm=tokio-runtime-w pid=3173762 tid=3174294
1021558146786424 MGMT_ADMIN_CMD          comm=tokio-runtime-w pid=3173762 tid=3174297
1021558153965873 MGMT_ADMIN_CMD          comm=tokio-runtime-w pid=3174035 tid=3174299
1021558154925118 MGMT_ADMIN_CMD          comm=tokio-runtime-w pid=3174035 tid=3174301
1021558158544650 MGMT_ADMIN_CMD          comm=tokio-runtime-w pid=3173762 tid=3174297
1021558158902778 MGMT_ADMIN_CMD          comm=tokio-runtime-w pid=3173762 tid=3174292
1021558165378085 MGMT_ADMIN_CMD          comm=tokio-runtime-w pid=3174035 tid=3174301
1021558165620713 MGMT_ADMIN_CMD          comm=tokio-runtime-w pid=3174035 tid=3174298
1021558176925450 MGMT_ADMIN_CMD          comm=tokio-runtime-w pid=3174035 tid=3174298
1021558178044216 MGMT_ADMIN_CMD          comm=tokio-runtime-w pid=3174035 tid=3174300
1021558310077325 MGMT_ADMIN_CMD          comm=tokio-runtime-w pid=3173762 tid=3174294
1021558318094185 MGMT_ADMIN_CMD          comm=tokio-runtime-w pid=3173762 tid=3174294
1021558323885964 MGMT_ADMIN_CMD          comm=tokio-runtime-w pid=3174035 tid=3174303
1021558324598956 MGMT_ADMIN_CMD          comm=tokio-runtime-w pid=3173762 tid=3174294
1021558332098425 MGMT_ADMIN_CMD          comm=tokio-runtime-w pid=3173762 tid=3174294
1021558332153465 MGMT_ADMIN_CMD          comm=tokio-runtime-w pid=3174035 tid=3174303
1021558339750856 MGMT_ADMIN_CMD          comm=tokio-runtime-w pid=3174035 tid=3174303
1021558346847526 MGMT_ADMIN_CMD          comm=tokio-runtime-w pid=3174035 tid=3174303
1021558561225714 MGMT_ADMIN_CMD          comm=tokio-runtime-w pid=3174304 tid=3174567
1021558562957282 MGMT_ADMIN_CMD          comm=tokio-runtime-w pid=3174304 tid=3174568
1021558574032030 MGMT_ADMIN_CMD          comm=tokio-runtime-w pid=3174304 tid=3174568
1021558574197958 MGMT_ADMIN_CMD          comm=tokio-runtime-w pid=3174304 tid=3174569
1021558585793308 MGMT_ADMIN_CMD          comm=tokio-runtime-w pid=3174304 tid=3174569
1021558587143130 MGMT_ADMIN_CMD          comm=tokio-runtime-w pid=3174304 tid=3174572
1021558596576519 MGMT_ADMIN_CMD          comm=tokio-runtime-w pid=3174304 tid=3174572
1021558596807171 MGMT_ADMIN_CMD          comm=tokio-runtime-w pid=3174304 tid=3174571
1021558612702564 MGMT_ADMIN_CMD          comm=furiosa-smi pid=3174304 tid=3174304
1021558616412450 MGMT_ADMIN_CMD          comm=furiosa-smi pid=3174304 tid=3174304
1021558620140129 MGMT_ADMIN_CMD          comm=furiosa-smi pid=3174304 tid=3174304
1021558623845163 MGMT_ADMIN_CMD          comm=furiosa-smi pid=3174304 tid=3174304
1021558627553266 MGMT_ADMIN_CMD          comm=furiosa-smi pid=3174304 tid=3174304
1021558631281921 MGMT_ADMIN_CMD          comm=furiosa-smi pid=3174304 tid=3174304
1021558635021922 MGMT_ADMIN_CMD          comm=furiosa-smi pid=3174304 tid=3174304
1021558638697662 MGMT_ADMIN_CMD          comm=furiosa-smi pid=3174304 tid=3174304
1021558648619679 MGMT_ADMIN_CMD          comm=furiosa-smi pid=3174304 tid=3174304
1021558652429425 MGMT_ADMIN_CMD          comm=furiosa-smi pid=3174304 tid=3174304
1021558656163081 MGMT_ADMIN_CMD          comm=furiosa-smi pid=3174304 tid=3174304
1021558659934501 MGMT_ADMIN_CMD          comm=furiosa-smi pid=3174304 tid=3174304
1021558663666054 MGMT_ADMIN_CMD          comm=furiosa-smi pid=3174304 tid=3174304
1021558667416703 MGMT_ADMIN_CMD          comm=furiosa-smi pid=3174304 tid=3174304
1021558671104001 MGMT_ADMIN_CMD          comm=furiosa-smi pid=3174304 tid=3174304
1021558674793743 MGMT_ADMIN_CMD          comm=furiosa-smi pid=3174304 tid=3174304
1021558685304882 MGMT_ADMIN_CMD          comm=furiosa-smi pid=3174304 tid=3174304
1021558689028427 MGMT_ADMIN_CMD          comm=furiosa-smi pid=3174304 tid=3174304
1021558692737219 MGMT_ADMIN_CMD          comm=furiosa-smi pid=3174304 tid=3174304
1021558696507738 MGMT_ADMIN_CMD          comm=furiosa-smi pid=3174304 tid=3174304
1021558700239146 MGMT_ADMIN_CMD          comm=furiosa-smi pid=3174304 tid=3174304
1021558703926921 MGMT_ADMIN_CMD          comm=furiosa-smi pid=3174304 tid=3174304
1021558707679806 MGMT_ADMIN_CMD          comm=furiosa-smi pid=3174304 tid=3174304
1021558711413424 MGMT_ADMIN_CMD          comm=furiosa-smi pid=3174304 tid=3174304
1021558721396679 MGMT_ADMIN_CMD          comm=furiosa-smi pid=3174304 tid=3174304
1021558725111585 MGMT_ADMIN_CMD          comm=furiosa-smi pid=3174304 tid=3174304
1021558728904343 MGMT_ADMIN_CMD          comm=furiosa-smi pid=3174304 tid=3174304
1021558732634497 MGMT_ADMIN_CMD          comm=furiosa-smi pid=3174304 tid=3174304
1021558736346496 MGMT_ADMIN_CMD          comm=furiosa-smi pid=3174304 tid=3174304
1021558740053342 MGMT_ADMIN_CMD          comm=furiosa-smi pid=3174304 tid=3174304
1021558743825472 MGMT_ADMIN_CMD          comm=furiosa-smi pid=3174304 tid=3174304
1021558747540954 MGMT_ADMIN_CMD          comm=furiosa-smi pid=3174304 tid=3174304
1021559551840258 MGMT_ADMIN_CMD          comm=tokio-runtime-w pid=3174831 tid=3175088
1021559553846549 MGMT_ADMIN_CMD          comm=tokio-runtime-w pid=3174831 tid=3175089
1021559563865578 MGMT_ADMIN_CMD          comm=tokio-runtime-w pid=3174831 tid=3175089
1021559564124969 MGMT_ADMIN_CMD          comm=tokio-runtime-w pid=3174831 tid=3175093
1021559576328750 MGMT_ADMIN_CMD          comm=tokio-runtime-w pid=3174831 tid=3175093
1021559576805480 MGMT_ADMIN_CMD          comm=tokio-runtime-w pid=3174831 tid=3175090
1021559588191104 MGMT_ADMIN_CMD          comm=tokio-runtime-w pid=3174831 tid=3175090
1021559588445584 MGMT_ADMIN_CMD          comm=tokio-runtime-w pid=3174831 tid=3175091
1021559734924664 MGMT_ADMIN_CMD          comm=tokio-runtime-w pid=3174831 tid=3175093
1021559742721901 MGMT_ADMIN_CMD          comm=tokio-runtime-w pid=3174831 tid=3175093
1021559750134021 MGMT_ADMIN_CMD          comm=tokio-runtime-w pid=3174831 tid=3175093
1021559757199687 MGMT_ADMIN_CMD          comm=tokio-runtime-w pid=3174831 tid=3175093
1021559972386689 MGMT_ADMIN_CMD          comm=tokio-runtime-w pid=3175094 tid=3175351
1021559973814444 MGMT_ADMIN_CMD          comm=tokio-runtime-w pid=3175094 tid=3175353
1021559985428385 MGMT_ADMIN_CMD          comm=tokio-runtime-w pid=3175094 tid=3175353
1021559986135848 MGMT_ADMIN_CMD          comm=tokio-runtime-w pid=3175094 tid=3175356
1021559997177674 MGMT_ADMIN_CMD          comm=tokio-runtime-w pid=3175094 tid=3175356
1021559997787101 MGMT_ADMIN_CMD          comm=tokio-runtime-w pid=3175094 tid=3175352
1021560008642849 MGMT_ADMIN_CMD          comm=tokio-runtime-w pid=3175094 tid=3175352
1021560009326311 MGMT_ADMIN_CMD          comm=tokio-runtime-w pid=3175094 tid=3175354
1021560025523083 MGMT_ADMIN_CMD          comm=furiosa-smi pid=3175094 tid=3175094
1021560029225728 MGMT_ADMIN_CMD          comm=furiosa-smi pid=3175094 tid=3175094
1021560033044232 MGMT_ADMIN_CMD          comm=furiosa-smi pid=3175094 tid=3175094
1021560036720025 MGMT_ADMIN_CMD          comm=furiosa-smi pid=3175094 tid=3175094
1021560040450468 MGMT_ADMIN_CMD          comm=furiosa-smi pid=3175094 tid=3175094
1021560044265199 MGMT_ADMIN_CMD          comm=furiosa-smi pid=3175094 tid=3175094
1021560048073369 MGMT_ADMIN_CMD          comm=furiosa-smi pid=3175094 tid=3175094
1021560051781730 MGMT_ADMIN_CMD          comm=furiosa-smi pid=3175094 tid=3175094
1021560062468618 MGMT_ADMIN_CMD          comm=furiosa-smi pid=3175094 tid=3175094
1021560066215935 MGMT_ADMIN_CMD          comm=furiosa-smi pid=3175094 tid=3175094
1021560069962015 MGMT_ADMIN_CMD          comm=furiosa-smi pid=3175094 tid=3175094
1021560073629867 MGMT_ADMIN_CMD          comm=furiosa-smi pid=3175094 tid=3175094
1021560077361410 MGMT_ADMIN_CMD          comm=furiosa-smi pid=3175094 tid=3175094
1021560081058302 MGMT_ADMIN_CMD          comm=furiosa-smi pid=3175094 tid=3175094
1021560084798210 MGMT_ADMIN_CMD          comm=furiosa-smi pid=3175094 tid=3175094
1021560088492644 MGMT_ADMIN_CMD          comm=furiosa-smi pid=3175094 tid=3175094
1021560098949714 MGMT_ADMIN_CMD          comm=furiosa-smi pid=3175094 tid=3175094
1021560102687007 MGMT_ADMIN_CMD          comm=furiosa-smi pid=3175094 tid=3175094
1021560106456860 MGMT_ADMIN_CMD          comm=furiosa-smi pid=3175094 tid=3175094
1021560110161722 MGMT_ADMIN_CMD          comm=furiosa-smi pid=3175094 tid=3175094
1021560113890286 MGMT_ADMIN_CMD          comm=furiosa-smi pid=3175094 tid=3175094
1021560117621753 MGMT_ADMIN_CMD          comm=furiosa-smi pid=3175094 tid=3175094
1021560121308429 MGMT_ADMIN_CMD          comm=furiosa-smi pid=3175094 tid=3175094
1021560125041478 MGMT_ADMIN_CMD          comm=furiosa-smi pid=3175094 tid=3175094
1021560135108453 MGMT_ADMIN_CMD          comm=furiosa-smi pid=3175094 tid=3175094
1021560138871287 MGMT_ADMIN_CMD          comm=furiosa-smi pid=3175094 tid=3175094
1021560142659200 MGMT_ADMIN_CMD          comm=furiosa-smi pid=3175094 tid=3175094
1021560146352636 MGMT_ADMIN_CMD          comm=furiosa-smi pid=3175094 tid=3175094
1021560150056976 MGMT_ADMIN_CMD          comm=furiosa-smi pid=3175094 tid=3175094
1021560153817447 MGMT_ADMIN_CMD          comm=furiosa-smi pid=3175094 tid=3175094
1021560157567676 MGMT_ADMIN_CMD          comm=furiosa-smi pid=3175094 tid=3175094
1021560161293676 MGMT_ADMIN_CMD          comm=furiosa-smi pid=3175094 tid=3175094
1021560987579140 MGMT_ADMIN_CMD          comm=tokio-runtime-w pid=3175615 tid=3175872
1021560988178880 MGMT_ADMIN_CMD          comm=tokio-runtime-w pid=3175615 tid=3175875
1021561000359250 MGMT_ADMIN_CMD          comm=tokio-runtime-w pid=3175615 tid=3175876
1021561000802230 MGMT_ADMIN_CMD          comm=tokio-runtime-w pid=3175615 tid=3175874
1021561012441750 MGMT_ADMIN_CMD          comm=tokio-runtime-w pid=3175615 tid=3175874
1021561012771710 MGMT_ADMIN_CMD          comm=tokio-runtime-w pid=3175615 tid=3175872
1021561024368881 MGMT_ADMIN_CMD          comm=tokio-runtime-w pid=3175615 tid=3175872
1021561024693856 MGMT_ADMIN_CMD          comm=tokio-runtime-w pid=3175615 tid=3175876
1021561172818917 MGMT_ADMIN_CMD          comm=tokio-runtime-w pid=3175615 tid=3175874
1021561183585993 MGMT_ADMIN_CMD          comm=tokio-runtime-w pid=3175615 tid=3175874
1021561193883808 MGMT_ADMIN_CMD          comm=tokio-runtime-w pid=3175615 tid=3175874
1021561200524588 MGMT_ADMIN_CMD          comm=tokio-runtime-w pid=3175615 tid=3175874
---- KTRACE heartbeat nsec=1021561373031373 ----
1021561428336507 MGMT_ADMIN_CMD          comm=tokio-runtime-w pid=3175878 tid=3176135
1021561430197612 MGMT_ADMIN_CMD          comm=tokio-runtime-w pid=3175878 tid=3176137
1021561438506390 MGMT_ADMIN_CMD          comm=tokio-runtime-w pid=3175878 tid=3176137
1021561438694282 MGMT_ADMIN_CMD          comm=tokio-runtime-w pid=3175878 tid=3176140
1021561450393396 MGMT_ADMIN_CMD          comm=tokio-runtime-w pid=3175878 tid=3176140
1021561450662056 MGMT_ADMIN_CMD          comm=tokio-runtime-w pid=3175878 tid=3176139
1021561461955851 MGMT_ADMIN_CMD          comm=tokio-runtime-w pid=3175878 tid=3176139
1021561462211813 MGMT_ADMIN_CMD          comm=tokio-runtime-w pid=3175878 tid=3176136
1021561478527443 MGMT_ADMIN_CMD          comm=furiosa-smi pid=3175878 tid=3175878
1021561482243704 MGMT_ADMIN_CMD          comm=furiosa-smi pid=3175878 tid=3175878
1021561485989776 MGMT_ADMIN_CMD          comm=furiosa-smi pid=3175878 tid=3175878
1021561489693644 MGMT_ADMIN_CMD          comm=furiosa-smi pid=3175878 tid=3175878
1021561493362471 MGMT_ADMIN_CMD          comm=furiosa-smi pid=3175878 tid=3175878
1021561497071054 MGMT_ADMIN_CMD          comm=furiosa-smi pid=3175878 tid=3175878
1021561500756943 MGMT_ADMIN_CMD          comm=furiosa-smi pid=3175878 tid=3175878
1021561504529768 MGMT_ADMIN_CMD          comm=furiosa-smi pid=3175878 tid=3175878
1021561514695818 MGMT_ADMIN_CMD          comm=furiosa-smi pid=3175878 tid=3175878
1021561518388058 MGMT_ADMIN_CMD          comm=furiosa-smi pid=3175878 tid=3175878
1021561522156748 MGMT_ADMIN_CMD          comm=furiosa-smi pid=3175878 tid=3175878
1021561525827060 MGMT_ADMIN_CMD          comm=furiosa-smi pid=3175878 tid=3175878
1021561529516329 MGMT_ADMIN_CMD          comm=furiosa-smi pid=3175878 tid=3175878
1021561533242896 MGMT_ADMIN_CMD          comm=furiosa-smi pid=3175878 tid=3175878
1021561536954822 MGMT_ADMIN_CMD          comm=furiosa-smi pid=3175878 tid=3175878
1021561540684801 MGMT_ADMIN_CMD          comm=furiosa-smi pid=3175878 tid=3175878
1021561550948066 MGMT_ADMIN_CMD          comm=furiosa-smi pid=3175878 tid=3175878
1021561554729289 MGMT_ADMIN_CMD          comm=furiosa-smi pid=3175878 tid=3175878
1021561558463453 MGMT_ADMIN_CMD          comm=furiosa-smi pid=3175878 tid=3175878
1021561562173489 MGMT_ADMIN_CMD          comm=furiosa-smi pid=3175878 tid=3175878
1021561565864359 MGMT_ADMIN_CMD          comm=furiosa-smi pid=3175878 tid=3175878
1021561569590819 MGMT_ADMIN_CMD          comm=furiosa-smi pid=3175878 tid=3175878
1021561573406081 MGMT_ADMIN_CMD          comm=furiosa-smi pid=3175878 tid=3175878
1021561577119422 MGMT_ADMIN_CMD          comm=furiosa-smi pid=3175878 tid=3175878
1021561587200687 MGMT_ADMIN_CMD          comm=furiosa-smi pid=3175878 tid=3175878
1021561590936146 MGMT_ADMIN_CMD          comm=furiosa-smi pid=3175878 tid=3175878
1021561594631856 MGMT_ADMIN_CMD          comm=furiosa-smi pid=3175878 tid=3175878
1021561598361377 MGMT_ADMIN_CMD          comm=furiosa-smi pid=3175878 tid=3175878
1021561602095184 MGMT_ADMIN_CMD          comm=furiosa-smi pid=3175878 tid=3175878
1021561605801173 MGMT_ADMIN_CMD          comm=furiosa-smi pid=3175878 tid=3175878
1021561609575332 MGMT_ADMIN_CMD          comm=furiosa-smi pid=3175878 tid=3175878
1021561613306653 MGMT_ADMIN_CMD          comm=furiosa-smi pid=3175878 tid=3175878
1021562474588289 MGMT_ADMIN_CMD          comm=tokio-runtime-w pid=3176415 tid=3176682
1021562476212614 MGMT_ADMIN_CMD          comm=tokio-runtime-w pid=3176415 tid=3176685
1021562486683994 MGMT_ADMIN_CMD          comm=tokio-runtime-w pid=3176415 tid=3176685
1021562486977499 MGMT_ADMIN_CMD          comm=tokio-runtime-w pid=3176415 tid=3176684
1021562498662220 MGMT_ADMIN_CMD          comm=tokio-runtime-w pid=3176415 tid=3176684
1021562499703948 MGMT_ADMIN_CMD          comm=tokio-runtime-w pid=3176415 tid=3176685
1021562510331175 MGMT_ADMIN_CMD          comm=tokio-runtime-w pid=3176415 tid=3176685
1021562511856811 MGMT_ADMIN_CMD          comm=tokio-runtime-w pid=3176415 tid=3176683
1021562657996529 MGMT_ADMIN_CMD          comm=tokio-runtime-w pid=3176415 tid=3176686
1021562666137011 MGMT_ADMIN_CMD          comm=tokio-runtime-w pid=3176415 tid=3176686
1021562674031864 MGMT_ADMIN_CMD          comm=tokio-runtime-w pid=3176415 tid=3176686
1021562684126535 MGMT_ADMIN_CMD          comm=tokio-runtime-w pid=3176415 tid=3176686
1021562908301454 MGMT_ADMIN_CMD          comm=tokio-runtime-w pid=3176688 tid=3176959
1021562909130948 MGMT_ADMIN_CMD          comm=tokio-runtime-w pid=3176688 tid=3176962
1021562920227860 MGMT_ADMIN_CMD          comm=tokio-runtime-w pid=3176688 tid=3176962
1021562920845863 MGMT_ADMIN_CMD          comm=tokio-runtime-w pid=3176688 tid=3176964
1021562934079139 MGMT_ADMIN_CMD          comm=tokio-runtime-w pid=3176688 tid=3176964
1021562934639187 MGMT_ADMIN_CMD          comm=tokio-runtime-w pid=3176688 tid=3176961
1021562945403250 MGMT_ADMIN_CMD          comm=tokio-runtime-w pid=3176688 tid=3176961
1021562945620114 MGMT_ADMIN_CMD          comm=tokio-runtime-w pid=3176688 tid=3176966
1021562962404676 MGMT_ADMIN_CMD          comm=furiosa-smi pid=3176688 tid=3176688
1021562966227919 MGMT_ADMIN_CMD          comm=furiosa-smi pid=3176688 tid=3176688
1021562969908575 MGMT_ADMIN_CMD          comm=furiosa-smi pid=3176688 tid=3176688
1021562973614060 MGMT_ADMIN_CMD          comm=furiosa-smi pid=3176688 tid=3176688
1021562977402832 MGMT_ADMIN_CMD          comm=furiosa-smi pid=3176688 tid=3176688
1021562981174256 MGMT_ADMIN_CMD          comm=furiosa-smi pid=3176688 tid=3176688
1021562984758577 MGMT_ADMIN_CMD          comm=furiosa-smi pid=3176688 tid=3176688
1021562988488402 MGMT_ADMIN_CMD          comm=furiosa-smi pid=3176688 tid=3176688
1021562998492091 MGMT_ADMIN_CMD          comm=furiosa-smi pid=3176688 tid=3176688
1021563002245339 MGMT_ADMIN_CMD          comm=furiosa-smi pid=3176688 tid=3176688
1021563005935154 MGMT_ADMIN_CMD          comm=furiosa-smi pid=3176688 tid=3176688
1021563009622614 MGMT_ADMIN_CMD          comm=furiosa-smi pid=3176688 tid=3176688
1021563013373015 MGMT_ADMIN_CMD          comm=furiosa-smi pid=3176688 tid=3176688
1021563017082272 MGMT_ADMIN_CMD          comm=furiosa-smi pid=3176688 tid=3176688
1021563020769424 MGMT_ADMIN_CMD          comm=furiosa-smi pid=3176688 tid=3176688
1021563024480086 MGMT_ADMIN_CMD          comm=furiosa-smi pid=3176688 tid=3176688
1021563035372637 MGMT_ADMIN_CMD          comm=furiosa-smi pid=3176688 tid=3176688
1021563039084299 MGMT_ADMIN_CMD          comm=furiosa-smi pid=3176688 tid=3176688
1021563042813542 MGMT_ADMIN_CMD          comm=furiosa-smi pid=3176688 tid=3176688
1021563046583310 MGMT_ADMIN_CMD          comm=furiosa-smi pid=3176688 tid=3176688
1021563050297809 MGMT_ADMIN_CMD          comm=furiosa-smi pid=3176688 tid=3176688
1021563054020016 MGMT_ADMIN_CMD          comm=furiosa-smi pid=3176688 tid=3176688
1021563057731072 MGMT_ADMIN_CMD          comm=furiosa-smi pid=3176688 tid=3176688
1021563061508220 MGMT_ADMIN_CMD          comm=furiosa-smi pid=3176688 tid=3176688
1021563071112364 MGMT_ADMIN_CMD          comm=furiosa-smi pid=3176688 tid=3176688
1021563074803236 MGMT_ADMIN_CMD          comm=furiosa-smi pid=3176688 tid=3176688
1021563078571166 MGMT_ADMIN_CMD          comm=furiosa-smi pid=3176688 tid=3176688
1021563082281894 MGMT_ADMIN_CMD          comm=furiosa-smi pid=3176688 tid=3176688
1021563086025999 MGMT_ADMIN_CMD          comm=furiosa-smi pid=3176688 tid=3176688
1021563089802383 MGMT_ADMIN_CMD          comm=furiosa-smi pid=3176688 tid=3176688
1021563093533705 MGMT_ADMIN_CMD          comm=furiosa-smi pid=3176688 tid=3176688
1021563097267821 MGMT_ADMIN_CMD          comm=furiosa-smi pid=3176688 tid=3176688
1021563900866231 MGMT_ADMIN_CMD          comm=tokio-runtime-w pid=3177231 tid=3177488
1021563901468798 MGMT_ADMIN_CMD          comm=tokio-runtime-w pid=3177231 tid=3177490
1021563917505640 MGMT_ADMIN_CMD          comm=tokio-runtime-w pid=3177231 tid=3177490
1021563917774524 MGMT_ADMIN_CMD          comm=tokio-runtime-w pid=3177231 tid=3177489
1021563928877042 MGMT_ADMIN_CMD          comm=tokio-runtime-w pid=3177231 tid=3177489
1021563929107968 MGMT_ADMIN_CMD          comm=tokio-runtime-w pid=3177231 tid=3177491
1021563940360998 MGMT_ADMIN_CMD          comm=tokio-runtime-w pid=3177231 tid=3177491
1021563940666010 MGMT_ADMIN_CMD          comm=tokio-runtime-w pid=3177231 tid=3177488
1021564087222510 MGMT_ADMIN_CMD          comm=tokio-runtime-w pid=3177231 tid=3177492
1021564096396331 MGMT_ADMIN_CMD          comm=tokio-runtime-w pid=3177231 tid=3177492
1021564102661177 MGMT_ADMIN_CMD          comm=tokio-runtime-w pid=3177231 tid=3177492
1021564109196083 MGMT_ADMIN_CMD          comm=tokio-runtime-w pid=3177231 tid=3177492
1021564316262225 MGMT_ADMIN_CMD          comm=tokio-runtime-w pid=3177500 tid=3177757
1021564316691419 MGMT_ADMIN_CMD          comm=tokio-runtime-w pid=3177500 tid=3177761
1021564328207679 MGMT_ADMIN_CMD          comm=tokio-runtime-w pid=3177500 tid=3177761
1021564328514450 MGMT_ADMIN_CMD          comm=tokio-runtime-w pid=3177500 tid=3177760
1021564340169556 MGMT_ADMIN_CMD          comm=tokio-runtime-w pid=3177500 tid=3177760
1021564340450260 MGMT_ADMIN_CMD          comm=tokio-runtime-w pid=3177500 tid=3177758
1021564351533936 MGMT_ADMIN_CMD          comm=tokio-runtime-w pid=3177500 tid=3177758
1021564351970606 MGMT_ADMIN_CMD          comm=tokio-runtime-w pid=3177500 tid=3177762
1021564367514171 MGMT_ADMIN_CMD          comm=furiosa-smi pid=3177500 tid=3177500
1021564371201885 MGMT_ADMIN_CMD          comm=furiosa-smi pid=3177500 tid=3177500
1021564374947633 MGMT_ADMIN_CMD          comm=furiosa-smi pid=3177500 tid=3177500
1021564378715255 MGMT_ADMIN_CMD          comm=furiosa-smi pid=3177500 tid=3177500
1021564382405290 MGMT_ADMIN_CMD          comm=furiosa-smi pid=3177500 tid=3177500
1021564386173469 MGMT_ADMIN_CMD          comm=furiosa-smi pid=3177500 tid=3177500
1021564389879242 MGMT_ADMIN_CMD          comm=furiosa-smi pid=3177500 tid=3177500
1021564393473380 MGMT_ADMIN_CMD          comm=furiosa-smi pid=3177500 tid=3177500
1021564404380668 MGMT_ADMIN_CMD          comm=furiosa-smi pid=3177500 tid=3177500
1021564408147578 MGMT_ADMIN_CMD          comm=furiosa-smi pid=3177500 tid=3177500
1021564411813691 MGMT_ADMIN_CMD          comm=furiosa-smi pid=3177500 tid=3177500
1021564415481811 MGMT_ADMIN_CMD          comm=furiosa-smi pid=3177500 tid=3177500
1021564419232990 MGMT_ADMIN_CMD          comm=furiosa-smi pid=3177500 tid=3177500
1021564422937442 MGMT_ADMIN_CMD          comm=furiosa-smi pid=3177500 tid=3177500
1021564426702977 MGMT_ADMIN_CMD          comm=furiosa-smi pid=3177500 tid=3177500
1021564430510474 MGMT_ADMIN_CMD          comm=furiosa-smi pid=3177500 tid=3177500
1021564439883718 MGMT_ADMIN_CMD          comm=furiosa-smi pid=3177500 tid=3177500
1021564443686524 MGMT_ADMIN_CMD          comm=furiosa-smi pid=3177500 tid=3177500
1021564447372009 MGMT_ADMIN_CMD          comm=furiosa-smi pid=3177500 tid=3177500
1021564451096233 MGMT_ADMIN_CMD          comm=furiosa-smi pid=3177500 tid=3177500
1021564454762958 MGMT_ADMIN_CMD          comm=furiosa-smi pid=3177500 tid=3177500
1021564458514019 MGMT_ADMIN_CMD          comm=furiosa-smi pid=3177500 tid=3177500
1021564462182742 MGMT_ADMIN_CMD          comm=furiosa-smi pid=3177500 tid=3177500
1021564465849334 MGMT_ADMIN_CMD          comm=furiosa-smi pid=3177500 tid=3177500
1021564475668645 MGMT_ADMIN_CMD          comm=furiosa-smi pid=3177500 tid=3177500
1021564479436292 MGMT_ADMIN_CMD          comm=furiosa-smi pid=3177500 tid=3177500
1021564483140772 MGMT_ADMIN_CMD          comm=furiosa-smi pid=3177500 tid=3177500
1021564486891171 MGMT_ADMIN_CMD          comm=furiosa-smi pid=3177500 tid=3177500
1021564490603487 MGMT_ADMIN_CMD          comm=furiosa-smi pid=3177500 tid=3177500
1021564494290026 MGMT_ADMIN_CMD          comm=furiosa-smi pid=3177500 tid=3177500
1021564498036010 MGMT_ADMIN_CMD          comm=furiosa-smi pid=3177500 tid=3177500
1021564501778645 MGMT_ADMIN_CMD          comm=furiosa-smi pid=3177500 tid=3177500
1021565335216552 MGMT_ADMIN_CMD          comm=tokio-runtime-w pid=3178022 tid=3178279
1021565335707281 MGMT_ADMIN_CMD          comm=tokio-runtime-w pid=3178022 tid=3178280
1021565348057645 MGMT_ADMIN_CMD          comm=tokio-runtime-w pid=3178022 tid=3178280
1021565348115396 MGMT_ADMIN_CMD          comm=tokio-runtime-w pid=3178022 tid=3178282
1021565359363177 MGMT_ADMIN_CMD          comm=tokio-runtime-w pid=3178022 tid=3178282
1021565359629425 MGMT_ADMIN_CMD          comm=tokio-runtime-w pid=3178022 tid=3178281
1021565371275242 MGMT_ADMIN_CMD          comm=tokio-runtime-w pid=3178022 tid=3178281
1021565371703762 MGMT_ADMIN_CMD          comm=tokio-runtime-w pid=3178022 tid=3178279
1021565517527770 MGMT_ADMIN_CMD          comm=tokio-runtime-w pid=3178022 tid=3178282
1021565523912291 MGMT_ADMIN_CMD          comm=tokio-runtime-w pid=3178022 tid=3178282
1021565530341082 MGMT_ADMIN_CMD          comm=tokio-runtime-w pid=3178022 tid=3178282
1021565537327232 MGMT_ADMIN_CMD          comm=tokio-runtime-w pid=3178022 tid=3178282
KTRACE_END nsec=1021566142683593
== device opens ==
@opens[dmar]: 8
@opens[pdma_remote]: 64
@opens[pdma]: 72
== ioctl bar  (by cmd) ==

== ioctl dmar (by cmd) ==
@ioctl_dmar[3221245446]: 8
@ioctl_dmar[3234352645]: 8
== mgmt admin cmd count ==
@mgmt_admin: 3109
== bar mmap count ==
@mmap_bar: 0
== pdma dma_sync  (by comm) ==

== pdma dma_async (by comm) ==

== pdma prepare_request ==

== pdma wait_request ==
@dma_wait[kworker/u515:11]: 42
@dma_wait[kworker/u515:15]: 83
@dma_wait[kworker/u515:5]: 86
@dma_wait[kworker/u515:9]: 99
@dma_wait[kworker/u515:12]: 109
@dma_wait[kworker/u515:2]: 117
@dma_wait[kworker/u515:10]: 120
@dma_wait[kworker/u515:3]: 125
@dma_wait[kworker/u515:7]: 180
@dma_wait[kworker/u515:6]: 197
@dma_wait[kworker/u515:1]: 201
@dma_wait[kworker/u515:0]: 215
@dma_wait[kworker/u515:14]: 230
@dma_wait[kworker/u515:13]: 311
@dma_wait[kworker/u515:8]: 366
@dma_wait[kworker/u515:4]: 461
== pdma direct_io ==

== pdma iopoll ==

== doorbell sq_write ==
@doorbell_sq[viztracer]: 32
@doorbell_sq[tokio-runtime-w]: 1244
@doorbell_sq[furiosa-smi]: 1832
== doorbell cq_read ==
@doorbell_cq[viztracer]: 32
@doorbell_cq[tokio-runtime-w]: 1244
@doorbell_cq[furiosa-smi]: 1832
== dma_transfer_start ==
@dma_xfer_start[kworker/u515:11]: 42
@dma_xfer_start[kworker/u515:15]: 83
@dma_xfer_start[kworker/u515:5]: 86
@dma_xfer_start[kworker/u515:9]: 99
@dma_xfer_start[kworker/u515:12]: 109
@dma_xfer_start[kworker/u515:2]: 117
@dma_xfer_start[kworker/u515:10]: 120
@dma_xfer_start[kworker/u515:3]: 125
@dma_xfer_start[kworker/u515:7]: 180
@dma_xfer_start[kworker/u515:6]: 197
@dma_xfer_start[kworker/u515:1]: 201
@dma_xfer_start[kworker/u515:0]: 215
@dma_xfer_start[kworker/u515:14]: 230
@dma_xfer_start[kworker/u515:13]: 311
@dma_xfer_start[kworker/u515:8]: 366
@dma_xfer_start[kworker/u515:4]: 461
== doorbell IRQ handler ==
@doorbell_irq: 3110
== dma ISR ==
@dma_isr: 0





@dma_isr: 0


@dma_wait[kworker/u515:11]: 42
@dma_wait[kworker/u515:15]: 83
@dma_wait[kworker/u515:5]: 86
@dma_wait[kworker/u515:9]: 99
@dma_wait[kworker/u515:12]: 109
@dma_wait[kworker/u515:2]: 117
@dma_wait[kworker/u515:10]: 120
@dma_wait[kworker/u515:3]: 125
@dma_wait[kworker/u515:7]: 180
@dma_wait[kworker/u515:6]: 197
@dma_wait[kworker/u515:1]: 201
@dma_wait[kworker/u515:0]: 215
@dma_wait[kworker/u515:14]: 230
@dma_wait[kworker/u515:13]: 311
@dma_wait[kworker/u515:8]: 366
@dma_wait[kworker/u515:4]: 461
@dma_xfer_start[kworker/u515:11]: 42
@dma_xfer_start[kworker/u515:15]: 83
@dma_xfer_start[kworker/u515:5]: 86
@dma_xfer_start[kworker/u515:9]: 99
@dma_xfer_start[kworker/u515:12]: 109
@dma_xfer_start[kworker/u515:2]: 117
@dma_xfer_start[kworker/u515:10]: 120
@dma_xfer_start[kworker/u515:3]: 125
@dma_xfer_start[kworker/u515:7]: 180
@dma_xfer_start[kworker/u515:6]: 197
@dma_xfer_start[kworker/u515:1]: 201
@dma_xfer_start[kworker/u515:0]: 215
@dma_xfer_start[kworker/u515:14]: 230
@dma_xfer_start[kworker/u515:13]: 311
@dma_xfer_start[kworker/u515:8]: 366
@dma_xfer_start[kworker/u515:4]: 461
@doorbell_cq[viztracer]: 32
@doorbell_cq[tokio-runtime-w]: 1244
@doorbell_cq[furiosa-smi]: 1832
@doorbell_irq: 3110
@doorbell_sq[viztracer]: 32
@doorbell_sq[tokio-runtime-w]: 1244
@doorbell_sq[furiosa-smi]: 1832

@ioctl_dmar[3221245446]: 8
@ioctl_dmar[3234352645]: 8
@mgmt_admin: 3109
@mmap_bar: 0
@opens[dmar]: 8
@opens[pdma_remote]: 64
@opens[pdma]: 72
